service_id,monday,tuesday,wednesday,thursday,friday,saturday,sunday,start_date,end_date
763623,1,1,1,1,1,1,1,20260903,20260930
763624,1,1,1,1,1,1,1,20260903,20260930
763625,1,1,1,1,1,1,1,20260903,20260930
763626,1,1,1,1,1,1,1,20260903,20260930
763627,1,1,1,1,1,1,1,20260903,20260930
763628,1,1,1,1,1,1,1,20260903,20260930
763629,1,1,1,1,1,1,1,20260903,20260930
763630,1,1,1,1,1,1,1,20260903,20260930
763631,1,1,1,1,1,1,1,20260903,20260930
763632,1,1,1,1,1,1,1,20260903,20260930
763633,1,1,1,1,1,1,1,20260903,20260930
763636,1,1,1,1,1,1,1,20260903,20260930
763637,1,1,1,1,1,1,1,20260903,20260930
763638,1,1,1,1,1,1,1,20260903,20260930
763639,1,1,1,1,1,1,1,20260903,20260930
763640,1,1,1,1,1,1,1,20260903,20260930
763641,1,1,1,1,1,1,1,20260903,20260930
763642,1,1,1,1,1,1,1,20260903,20260930
763643,1,1,1,1,1,1,1,20260903,20260930
763644,1,1,1,1,1,1,1,20260903,20260930
763645,1,1,1,1,1,1,1,20260903,20260930
763646,1,1,1,1,1,1,1,20260903,20260930
763647,1,1,1,1,1,1,1,20260903,20260930
763648,1,1,1,1,1,1,1,20260903,20260930
763649,1,1,1,1,1,1,1,20260903,20260930
763650,1,1,1,1,1,1,1,20260903,20260930
763651,1,1,1,1,1,1,1,20260903,20260930
763652,1,1,1,1,1,1,1,20260903,20260930
763653,1,1,1,1,1,1,1,20260903,20260930
763654,1,1,1,1,1,1,1,20260903,20260930
763655,1,1,1,1,1,1,1,20260903,20260930
763656,1,1,1,1,1,1,1,20260903,20260930
763657,1,1,1,1,1,1,1,20260903,20260930
763658,1,1,1,1,1,1,1,20260903,20260930
763659,1,1,1,1,1,1,1,20260903,20260930
763660,1,1,1,1,1,1,1,20260903,20260930
763661,1,1,1,1,1,1,1,20260903,20260930
763662,1,1,1,1,1,1,1,20260903,20260930
763663,1,1,1,1,1,1,1,20260903,20260930
763664,1,1,1,1,1,1,1,20260903,20260930
763665,1,1,1,1,1,1,1,20260903,20260930
763666,1,1,1,1,1,1,1,20260903,20260930
763667,1,1,1,1,1,1,1,20260903,20260930
763669,1,1,1,1,1,1,1,20260903,20260930
763670,1,1,1,1,1,1,1,20260903,20260930
763671,1,1,1,1,1,1,1,20260903,20260930
763672,1,1,1,1,1,1,1,20260903,20260930
763675,1,1,1,1,1,1,1,20260903,20260930
763676,1,1,1,1,1,1,1,20260903,20260930
763677,1,1,1,1,1,1,1,20260903,20260930
763678,1,1,1,1,1,1,1,20260903,20260930
763679,1,1,1,1,1,1,1,20260903,20260930
763680,1,1,1,1,1,1,1,20260903,20260930
763681,1,1,1,1,1,1,1,20260903,20260930
763682,1,1,1,1,1,1,1,20260903,20260930
763683,1,1,1,1,1,1,1,20260903,20260930
763684,1,1,1,1,1,1,1,20260903,20260930
763685,1,1,1,1,1,1,1,20260903,20260930
763686,1,1,1,1,1,1,1,20260903,20260930
763687,1,1,1,1,1,1,1,20260903,20260930
763688,1,1,1,1,1,1,1,20260903,20260930
763689,1,1,1,1,1,1,1,20260903,20260930
763690,1,1,1,1,1,1,1,20260903,20260930
763691,1,1,1,1,1,1,1,20260903,20260930
763692,1,1,1,1,1,1,1,20260903,20260930
763693,1,1,1,1,1,1,1,20260903,20260930
763694,1,1,1,1,1,1,1,20260903,20260930
763695,1,1,1,1,1,1,1,20260903,20260930
763696,1,1,1,1,1,1,1,20260903,20260930
763697,1,1,1,1,1,1,1,20260903,20260930
763698,1,1,1,1,1,1,1,20260903,20260930
763699,1,1,1,1,1,1,1,20260903,20260930
763700,1,1,1,1,1,1,1,20260903,20260930
763701,1,1,1,1,1,1,1,20260903,20260930
763702,1,1,1,1,1,1,1,20260903,20260930
763703,1,1,1,1,1,1,1,20260903,20260930
763704,1,1,1,1,1,1,1,20260903,20260930
763705,1,1,1,1,1,1,1,20260903,20260930
763706,1,1,1,1,1,1,1,20260903,20260930
763709,1,1,1,1,1,1,1,20260903,20260930
763710,1,1,1,1,1,1,1,20260903,20260930
763711,1,1,1,1,1,1,1,20260903,20260930
763712,1,1,1,1,1,1,1,20260903,20260930
763713,1,1,1,1,1,1,1,20260903,20260930
763714,1,1,1,1,1,1,1,20260903,20260930
763715,1,1,1,1,1,1,1,20260903,20260930
763716,1,1,1,1,1,1,1,20260903,20260930
763717,1,1,1,1,1,1,1,20260903,20260930
763718,1,1,1,1,1,1,1,20260903,20260930
763719,1,1,1,1,1,1,1,20260903,20260930
763720,1,1,1,1,1,1,1,20260903,20260930
763721,1,1,1,1,1,1,1,20260903,20260930
763722,1,1,1,1,1,1,1,20260903,20260930
763723,1,1,1,1,1,1,1,20260903,20260930
763724,1,1,1,1,1,1,1,20260903,20260930
763725,1,1,1,1,1,1,1,20260903,20260930
763726,1,1,1,1,1,1,1,20260903,20260930
763727,1,1,1,1,1,1,1,20260903,20260930
763728,1,1,1,1,1,1,1,20260903,20260930
763729,1,1,1,1,1,1,1,20260903,20260930
763730,1,1,1,1,1,1,1,20260903,20260930
763732,1,1,1,1,1,1,1,20260903,20260930
763733,1,1,1,1,1,1,1,20260903,20260930
763734,1,1,1,1,1,1,1,20260903,20260930
763735,1,1,1,1,1,1,1,20260903,20260930
763738,1,1,1,1,1,1,1,20260903,20260930
763739,1,1,1,1,1,1,1,20260903,20260930
763740,1,1,1,1,1,1,1,20260903,20260930
763742,1,1,1,1,1,1,1,20260903,20260930
763743,1,1,1,1,1,1,1,20260903,20260930
763744,1,1,1,1,1,1,1,20260903,20260930
763745,1,1,1,1,1,1,1,20260903,20260930
763746,1,1,1,1,1,1,1,20260903,20260930
763747,1,1,1,1,1,1,1,20260903,20260930
763748,1,1,1,1,1,1,1,20260903,20260930
763749,1,1,1,1,1,1,1,20260903,20260930
763750,1,1,1,1,1,1,1,20260903,20260930
763751,1,1,1,1,1,1,1,20260903,20260930
763752,1,1,1,1,1,1,1,20260903,20260930
763753,1,1,1,1,1,1,1,20260903,20260930
763754,1,1,1,1,1,1,1,20260903,20260930
763755,1,1,1,1,1,1,1,20260903,20260930
763756,1,1,1,1,1,1,1,20260903,20260930
763757,1,1,1,1,1,1,1,20260903,20260930
763758,1,1,1,1,1,1,1,20260903,20260930
763759,1,1,1,1,1,1,1,20260903,20260930
763761,1,1,1,1,1,1,1,20260903,20260930
763763,1,1,1,1,1,1,1,20260903,20260930
763764,1,1,1,1,1,1,1,20260903,20260930
763767,1,1,1,1,1,1,1,20260903,20260930
761614,1,1,1,1,1,1,1,20260903,20260930
761615,1,1,1,1,1,1,1,20260903,20260930
761653,1,1,1,1,1,1,1,20260903,20260930
761654,1,1,1,1,1,1,1,20260903,20260930
761655,1,1,1,1,1,1,1,20260903,20260930
761656,1,1,1,1,1,1,1,20260903,20260930
761657,1,1,1,1,1,1,1,20260903,20260930
761658,1,1,1,1,1,1,1,20260903,20260930
761659,1,1,1,1,1,1,1,20260903,20260930
761660,1,1,1,1,1,1,1,20260903,20260930
761661,1,1,1,1,1,1,1,20260903,20260930
761662,1,1,1,1,1,1,1,20260903,20260930
761663,1,1,1,1,1,1,1,20260903,20260930
761664,1,1,1,1,1,1,1,20260903,20260930
761665,1,1,1,1,1,1,1,20260903,20260930
762318,1,1,1,1,1,1,1,20260903,20260930
762319,1,1,1,1,1,1,1,20260903,20260930
762320,1,1,1,1,1,1,1,20260903,20260930
762321,1,1,1,1,1,1,1,20260903,20260930
762322,1,1,1,1,1,1,1,20260903,20260930
762323,1,1,1,1,1,1,1,20260903,20260930
762324,1,1,1,1,1,1,1,20260903,20260930
762325,1,1,1,1,1,1,1,20260903,20260930
762326,1,1,1,1,1,1,1,20260903,20260930
762327,1,1,1,1,1,1,1,20260903,20260930
762328,1,1,1,1,1,1,1,20260903,20260930
762329,1,1,1,1,1,1,1,20260903,20260930
762330,1,1,1,1,1,1,1,20260903,20260930
762331,1,1,1,1,1,1,1,20260903,20260930
762332,1,1,1,1,1,1,1,20260903,20260930
761184,1,1,1,1,1,1,1,20260903,20260930
761185,1,1,1,1,1,1,1,20260903,20260930
761186,1,1,1,1,1,1,1,20260903,20260930
761187,1,1,1,1,1,1,1,20260903,20260930
761188,1,1,1,1,1,1,1,20260903,20260930
761189,1,1,1,1,1,1,1,20260903,20260930
761190,1,1,1,1,1,1,1,20260903,20260930
761191,1,1,1,1,1,1,1,20260903,20260930
761225,1,1,1,1,1,1,1,20260903,20260930
761226,1,1,1,1,1,1,1,20260903,20260930
762866,1,1,1,1,1,1,1,20260903,20260930
762868,1,1,1,1,1,1,1,20260903,20260930
762869,1,1,1,1,1,1,1,20260903,20260930
761666,1,1,1,1,1,1,1,20260903,20260930
761667,1,1,1,1,1,1,1,20260903,20260930
761668,1,1,1,1,1,1,1,20260903,20260930
761669,1,1,1,1,1,1,1,20260903,20260930
761670,1,1,1,1,1,1,1,20260903,20260930
761690,1,1,1,1,1,1,1,20260903,20260930
761691,1,1,1,1,1,1,1,20260903,20260930
761692,1,1,1,1,1,1,1,20260903,20260930
761693,1,1,1,1,1,1,1,20260903,20260930
761694,1,1,1,1,1,1,1,20260903,20260930
761695,1,1,1,1,1,1,1,20260903,20260930
761696,1,1,1,1,1,1,1,20260903,20260930
761699,1,1,1,1,1,1,1,20260903,20260930
761700,1,1,1,1,1,1,1,20260903,20260930
762333,1,1,1,1,1,1,1,20260903,20260930
762334,1,1,1,1,1,1,1,20260903,20260930
762335,1,1,1,1,1,1,1,20260903,20260930
762336,1,1,1,1,1,1,1,20260903,20260930
762354,1,1,1,1,1,1,1,20260903,20260930
762355,1,1,1,1,1,1,1,20260903,20260930
762356,1,1,1,1,1,1,1,20260903,20260930
762357,1,1,1,1,1,1,1,20260903,20260930
762358,1,1,1,1,1,1,1,20260903,20260930
762359,1,1,1,1,1,1,1,20260903,20260930
762360,1,1,1,1,1,1,1,20260903,20260930
762361,1,1,1,1,1,1,1,20260903,20260930
762362,1,1,1,1,1,1,1,20260903,20260930
762364,1,1,1,1,1,1,1,20260903,20260930
762365,1,1,1,1,1,1,1,20260903,20260930
762366,1,1,1,1,1,1,1,20260903,20260930
762367,1,1,1,1,1,1,1,20260903,20260930
761227,1,1,1,1,1,1,1,20260903,20260930
761228,1,1,1,1,1,1,1,20260903,20260930
761229,1,1,1,1,1,1,1,20260903,20260930
761230,1,1,1,1,1,1,1,20260903,20260930
761231,1,1,1,1,1,1,1,20260903,20260930
761232,1,1,1,1,1,1,1,20260903,20260930
761233,1,1,1,1,1,1,1,20260903,20260930
761234,1,1,1,1,1,1,1,20260903,20260930
761235,1,1,1,1,1,1,1,20260903,20260930
761236,1,1,1,1,1,1,1,20260903,20260930
761237,1,1,1,1,1,1,1,20260903,20260930
761238,1,1,1,1,1,1,1,20260903,20260930
761239,1,1,1,1,1,1,1,20260903,20260930
761240,1,1,1,1,1,1,1,20260903,20260930
762870,1,1,1,1,1,1,1,20260903,20260930
762872,1,1,1,1,1,1,1,20260903,20260930
762874,1,1,1,1,1,1,1,20260903,20260930
762875,1,1,1,1,1,1,1,20260903,20260930
762883,1,1,1,1,1,1,1,20260903,20260930
762810,1,1,1,1,1,1,1,20260903,20260930
762811,1,1,1,1,1,1,1,20260903,20260930
762812,1,1,1,1,1,1,1,20260903,20260930
762813,1,1,1,1,1,1,1,20260903,20260930
762814,1,1,1,1,1,1,1,20260903,20260930
762815,1,1,1,1,1,1,1,20260903,20260930
762837,1,1,1,1,1,1,1,20260903,20260930
762838,1,1,1,1,1,1,1,20260903,20260930
762839,1,1,1,1,1,1,1,20260903,20260930
761701,1,1,1,1,1,1,1,20260903,20260930
761702,1,1,1,1,1,1,1,20260903,20260930
761703,1,1,1,1,1,1,1,20260903,20260930
761704,1,1,1,1,1,1,1,20260903,20260930
761705,1,1,1,1,1,1,1,20260903,20260930
761725,1,1,1,1,1,1,1,20260903,20260930
761726,1,1,1,1,1,1,1,20260903,20260930
761727,1,1,1,1,1,1,1,20260903,20260930
761728,1,1,1,1,1,1,1,20260903,20260930
761729,1,1,1,1,1,1,1,20260903,20260930
761730,1,1,1,1,1,1,1,20260903,20260930
761731,1,1,1,1,1,1,1,20260903,20260930
761732,1,1,1,1,1,1,1,20260903,20260930
761733,1,1,1,1,1,1,1,20260903,20260930
761734,1,1,1,1,1,1,1,20260903,20260930
761735,1,1,1,1,1,1,1,20260903,20260930
761736,1,1,1,1,1,1,1,20260903,20260930
761737,1,1,1,1,1,1,1,20260903,20260930
761262,1,1,1,1,1,1,1,20260903,20260930
761263,1,1,1,1,1,1,1,20260903,20260930
761264,1,1,1,1,1,1,1,20260903,20260930
761265,1,1,1,1,1,1,1,20260903,20260930
761266,1,1,1,1,1,1,1,20260903,20260930
761267,1,1,1,1,1,1,1,20260903,20260930
761268,1,1,1,1,1,1,1,20260903,20260930
761269,1,1,1,1,1,1,1,20260903,20260930
761270,1,1,1,1,1,1,1,20260903,20260930
761271,1,1,1,1,1,1,1,20260903,20260930
761272,1,1,1,1,1,1,1,20260903,20260930
761273,1,1,1,1,1,1,1,20260903,20260930
761274,1,1,1,1,1,1,1,20260903,20260930
761275,1,1,1,1,1,1,1,20260903,20260930
761276,1,1,1,1,1,1,1,20260903,20260930
761277,1,1,1,1,1,1,1,20260903,20260930
761278,1,1,1,1,1,1,1,20260903,20260930
762368,1,1,1,1,1,1,1,20260903,20260930
762369,1,1,1,1,1,1,1,20260903,20260930
762370,1,1,1,1,1,1,1,20260903,20260930
762371,1,1,1,1,1,1,1,20260903,20260930
762372,1,1,1,1,1,1,1,20260903,20260930
762373,1,1,1,1,1,1,1,20260903,20260930
762374,1,1,1,1,1,1,1,20260903,20260930
762375,1,1,1,1,1,1,1,20260903,20260930
762376,1,1,1,1,1,1,1,20260903,20260930
762377,1,1,1,1,1,1,1,20260903,20260930
762378,1,1,1,1,1,1,1,20260903,20260930
762379,1,1,1,1,1,1,1,20260903,20260930
762380,1,1,1,1,1,1,1,20260903,20260930
762381,1,1,1,1,1,1,1,20260903,20260930
762382,1,1,1,1,1,1,1,20260903,20260930
762383,1,1,1,1,1,1,1,20260903,20260930
762384,1,1,1,1,1,1,1,20260903,20260930
762385,1,1,1,1,1,1,1,20260903,20260930
761738,1,1,1,1,1,1,1,20260903,20260930
761739,1,1,1,1,1,1,1,20260903,20260930
761740,1,1,1,1,1,1,1,20260903,20260930
761741,1,1,1,1,1,1,1,20260903,20260930
761742,1,1,1,1,1,1,1,20260903,20260930
761778,1,1,1,1,1,1,1,20260903,20260930
761781,1,1,1,1,1,1,1,20260903,20260930
761782,1,1,1,1,1,1,1,20260903,20260930
761783,1,1,1,1,1,1,1,20260903,20260930
761784,1,1,1,1,1,1,1,20260903,20260930
761785,1,1,1,1,1,1,1,20260903,20260930
761786,1,1,1,1,1,1,1,20260903,20260930
761787,1,1,1,1,1,1,1,20260903,20260930
761788,1,1,1,1,1,1,1,20260903,20260930
762388,1,1,1,1,1,1,1,20260903,20260930
762389,1,1,1,1,1,1,1,20260903,20260930
762427,1,1,1,1,1,1,1,20260903,20260930
762428,1,1,1,1,1,1,1,20260903,20260930
762429,1,1,1,1,1,1,1,20260903,20260930
762430,1,1,1,1,1,1,1,20260903,20260930
762431,1,1,1,1,1,1,1,20260903,20260930
762432,1,1,1,1,1,1,1,20260903,20260930
762433,1,1,1,1,1,1,1,20260903,20260930
762434,1,1,1,1,1,1,1,20260903,20260930
762435,1,1,1,1,1,1,1,20260903,20260930
762436,1,1,1,1,1,1,1,20260903,20260930
762437,1,1,1,1,1,1,1,20260903,20260930
762438,1,1,1,1,1,1,1,20260903,20260930
762439,1,1,1,1,1,1,1,20260903,20260930
762440,1,1,1,1,1,1,1,20260903,20260930
762441,1,1,1,1,1,1,1,20260903,20260930
761279,1,1,1,1,1,1,1,20260903,20260930
761280,1,1,1,1,1,1,1,20260903,20260930
761281,1,1,1,1,1,1,1,20260903,20260930
761282,1,1,1,1,1,1,1,20260903,20260930
761283,1,1,1,1,1,1,1,20260903,20260930
761284,1,1,1,1,1,1,1,20260903,20260930
761287,1,1,1,1,1,1,1,20260903,20260930
761288,1,1,1,1,1,1,1,20260903,20260930
761289,1,1,1,1,1,1,1,20260903,20260930
761290,1,1,1,1,1,1,1,20260903,20260930
761291,1,1,1,1,1,1,1,20260903,20260930
761292,1,1,1,1,1,1,1,20260903,20260930
761293,1,1,1,1,1,1,1,20260903,20260930
761294,1,1,1,1,1,1,1,20260903,20260930
761314,1,1,1,1,1,1,1,20260903,20260930
761315,1,1,1,1,1,1,1,20260903,20260930
762442,1,1,1,1,1,1,1,20260903,20260930
762443,1,1,1,1,1,1,1,20260903,20260930
762444,1,1,1,1,1,1,1,20260903,20260930
762445,1,1,1,1,1,1,1,20260903,20260930
762465,1,1,1,1,1,1,1,20260903,20260930
762466,1,1,1,1,1,1,1,20260903,20260930
762467,1,1,1,1,1,1,1,20260903,20260930
762468,1,1,1,1,1,1,1,20260903,20260930
762469,1,1,1,1,1,1,1,20260903,20260930
762471,1,1,1,1,1,1,1,20260903,20260930
762472,1,1,1,1,1,1,1,20260903,20260930
762473,1,1,1,1,1,1,1,20260903,20260930
762475,1,1,1,1,1,1,1,20260903,20260930
761789,1,1,1,1,1,1,1,20260903,20260930
761790,1,1,1,1,1,1,1,20260903,20260930
761791,1,1,1,1,1,1,1,20260903,20260930
761792,1,1,1,1,1,1,1,20260903,20260930
761793,1,1,1,1,1,1,1,20260903,20260930
761830,1,1,1,1,1,1,1,20260903,20260930
761831,1,1,1,1,1,1,1,20260903,20260930
761832,1,1,1,1,1,1,1,20260903,20260930
761833,1,1,1,1,1,1,1,20260903,20260930
761834,1,1,1,1,1,1,1,20260903,20260930
761835,1,1,1,1,1,1,1,20260903,20260930
761836,1,1,1,1,1,1,1,20260903,20260930
761837,1,1,1,1,1,1,1,20260903,20260930
761838,1,1,1,1,1,1,1,20260903,20260930
761316,1,1,1,1,1,1,1,20260903,20260930
761317,1,1,1,1,1,1,1,20260903,20260930
761318,1,1,1,1,1,1,1,20260903,20260930
761319,1,1,1,1,1,1,1,20260903,20260930
761320,1,1,1,1,1,1,1,20260903,20260930
761321,1,1,1,1,1,1,1,20260903,20260930
761322,1,1,1,1,1,1,1,20260903,20260930
761323,1,1,1,1,1,1,1,20260903,20260930
761324,1,1,1,1,1,1,1,20260903,20260930
761325,1,1,1,1,1,1,1,20260903,20260930
761326,1,1,1,1,1,1,1,20260903,20260930
761327,1,1,1,1,1,1,1,20260903,20260930
761328,1,1,1,1,1,1,1,20260903,20260930
761329,1,1,1,1,1,1,1,20260903,20260930
761330,1,1,1,1,1,1,1,20260903,20260930
761331,1,1,1,1,1,1,1,20260903,20260930
761334,1,1,1,1,1,1,1,20260903,20260930
761335,1,1,1,1,1,1,1,20260903,20260930
761336,1,1,1,1,1,1,1,20260903,20260930
761337,1,1,1,1,1,1,1,20260903,20260930
761338,1,1,1,1,1,1,1,20260903,20260930
761339,1,1,1,1,1,1,1,20260903,20260930
761340,1,1,1,1,1,1,1,20260903,20260930
761341,1,1,1,1,1,1,1,20260903,20260930
761342,1,1,1,1,1,1,1,20260903,20260930
761343,1,1,1,1,1,1,1,20260903,20260930
761344,1,1,1,1,1,1,1,20260903,20260930
761345,1,1,1,1,1,1,1,20260903,20260930
761346,1,1,1,1,1,1,1,20260903,20260930
761366,1,1,1,1,1,1,1,20260903,20260930
761367,1,1,1,1,1,1,1,20260903,20260930
762476,1,1,1,1,1,1,1,20260903,20260930
762477,1,1,1,1,1,1,1,20260903,20260930
762478,1,1,1,1,1,1,1,20260903,20260930
762479,1,1,1,1,1,1,1,20260903,20260930
762499,1,1,1,1,1,1,1,20260903,20260930
762500,1,1,1,1,1,1,1,20260903,20260930
762501,1,1,1,1,1,1,1,20260903,20260930
762502,1,1,1,1,1,1,1,20260903,20260930
762503,1,1,1,1,1,1,1,20260903,20260930
762504,1,1,1,1,1,1,1,20260903,20260930
762505,1,1,1,1,1,1,1,20260903,20260930
762506,1,1,1,1,1,1,1,20260903,20260930
762507,1,1,1,1,1,1,1,20260903,20260930
762508,1,1,1,1,1,1,1,20260903,20260930
762509,1,1,1,1,1,1,1,20260903,20260930
762510,1,1,1,1,1,1,1,20260903,20260930
762512,1,1,1,1,1,1,1,20260903,20260930
761841,1,1,1,1,1,1,1,20260903,20260930
761842,1,1,1,1,1,1,1,20260903,20260930
761843,1,1,1,1,1,1,1,20260903,20260930
761844,1,1,1,1,1,1,1,20260903,20260930
761845,1,1,1,1,1,1,1,20260903,20260930
761883,1,1,1,1,1,1,1,20260903,20260930
761884,1,1,1,1,1,1,1,20260903,20260930
761885,1,1,1,1,1,1,1,20260903,20260930
761886,1,1,1,1,1,1,1,20260903,20260930
761887,1,1,1,1,1,1,1,20260903,20260930
761888,1,1,1,1,1,1,1,20260903,20260930
761889,1,1,1,1,1,1,1,20260903,20260930
761890,1,1,1,1,1,1,1,20260903,20260930
761891,1,1,1,1,1,1,1,20260903,20260930
761892,1,1,1,1,1,1,1,20260903,20260930
761893,1,1,1,1,1,1,1,20260903,20260930
761894,1,1,1,1,1,1,1,20260903,20260930
761895,1,1,1,1,1,1,1,20260903,20260930
761368,1,1,1,1,1,1,1,20260903,20260930
761369,1,1,1,1,1,1,1,20260903,20260930
761370,1,1,1,1,1,1,1,20260903,20260930
761371,1,1,1,1,1,1,1,20260903,20260930
761372,1,1,1,1,1,1,1,20260903,20260930
761373,1,1,1,1,1,1,1,20260903,20260930
761374,1,1,1,1,1,1,1,20260903,20260930
761375,1,1,1,1,1,1,1,20260903,20260930
761376,1,1,1,1,1,1,1,20260903,20260930
761377,1,1,1,1,1,1,1,20260903,20260930
761380,1,1,1,1,1,1,1,20260903,20260930
761381,1,1,1,1,1,1,1,20260903,20260930
761382,1,1,1,1,1,1,1,20260903,20260930
761383,1,1,1,1,1,1,1,20260903,20260930
762513,1,1,1,1,1,1,1,20260903,20260930
762514,1,1,1,1,1,1,1,20260903,20260930
762515,1,1,1,1,1,1,1,20260903,20260930
762516,1,1,1,1,1,1,1,20260903,20260930
762517,1,1,1,1,1,1,1,20260903,20260930
762554,1,1,1,1,1,1,1,20260903,20260930
762555,1,1,1,1,1,1,1,20260903,20260930
762556,1,1,1,1,1,1,1,20260903,20260930
762557,1,1,1,1,1,1,1,20260903,20260930
762558,1,1,1,1,1,1,1,20260903,20260930
762559,1,1,1,1,1,1,1,20260903,20260930
762560,1,1,1,1,1,1,1,20260903,20260930
762561,1,1,1,1,1,1,1,20260903,20260930
762562,1,1,1,1,1,1,1,20260903,20260930
762563,1,1,1,1,1,1,1,20260903,20260930
762564,1,1,1,1,1,1,1,20260903,20260930
762565,1,1,1,1,1,1,1,20260903,20260930
761137,1,1,1,1,1,1,1,20260903,20260930
761138,1,1,1,1,1,1,1,20260903,20260930
761384,1,1,1,1,1,1,1,20260903,20260930
761385,1,1,1,1,1,1,1,20260903,20260930
761386,1,1,1,1,1,1,1,20260903,20260930
761387,1,1,1,1,1,1,1,20260903,20260930
761388,1,1,1,1,1,1,1,20260903,20260930
761389,1,1,1,1,1,1,1,20260903,20260930
761390,1,1,1,1,1,1,1,20260903,20260930
761391,1,1,1,1,1,1,1,20260903,20260930
761392,1,1,1,1,1,1,1,20260903,20260930
761393,1,1,1,1,1,1,1,20260903,20260930
761394,1,1,1,1,1,1,1,20260903,20260930
761395,1,1,1,1,1,1,1,20260903,20260930
761396,1,1,1,1,1,1,1,20260903,20260930
761397,1,1,1,1,1,1,1,20260903,20260930
761398,1,1,1,1,1,1,1,20260903,20260930
761415,1,1,1,1,1,1,1,20260903,20260930
761896,1,1,1,1,1,1,1,20260903,20260930
761897,1,1,1,1,1,1,1,20260903,20260930
761898,1,1,1,1,1,1,1,20260903,20260930
761899,1,1,1,1,1,1,1,20260903,20260930
761900,1,1,1,1,1,1,1,20260903,20260930
761919,1,1,1,1,1,1,1,20260903,20260930
761920,1,1,1,1,1,1,1,20260903,20260930
761921,1,1,1,1,1,1,1,20260903,20260930
761922,1,1,1,1,1,1,1,20260903,20260930
761925,1,1,1,1,1,1,1,20260903,20260930
761926,1,1,1,1,1,1,1,20260903,20260930
761927,1,1,1,1,1,1,1,20260903,20260930
761928,1,1,1,1,1,1,1,20260903,20260930
761929,1,1,1,1,1,1,1,20260903,20260930
761418,1,1,1,1,1,1,1,20260903,20260930
761419,1,1,1,1,1,1,1,20260903,20260930
761420,1,1,1,1,1,1,1,20260903,20260930
761421,1,1,1,1,1,1,1,20260903,20260930
761422,1,1,1,1,1,1,1,20260903,20260930
761423,1,1,1,1,1,1,1,20260903,20260930
761424,1,1,1,1,1,1,1,20260903,20260930
761425,1,1,1,1,1,1,1,20260903,20260930
761426,1,1,1,1,1,1,1,20260903,20260930
761427,1,1,1,1,1,1,1,20260903,20260930
761428,1,1,1,1,1,1,1,20260903,20260930
761429,1,1,1,1,1,1,1,20260903,20260930
761430,1,1,1,1,1,1,1,20260903,20260930
761431,1,1,1,1,1,1,1,20260903,20260930
761432,1,1,1,1,1,1,1,20260903,20260930
761139,1,1,1,1,1,1,1,20260903,20260930
761140,1,1,1,1,1,1,1,20260903,20260930
761141,1,1,1,1,1,1,1,20260903,20260930
761143,1,1,1,1,1,1,1,20260903,20260930
761144,1,1,1,1,1,1,1,20260903,20260930
761145,1,1,1,1,1,1,1,20260903,20260930
761146,1,1,1,1,1,1,1,20260903,20260930
761147,1,1,1,1,1,1,1,20260903,20260930
761148,1,1,1,1,1,1,1,20260903,20260930
761149,1,1,1,1,1,1,1,20260903,20260930
761150,1,1,1,1,1,1,1,20260903,20260930
761151,1,1,1,1,1,1,1,20260903,20260930
761152,1,1,1,1,1,1,1,20260903,20260930
761153,1,1,1,1,1,1,1,20260903,20260930
761154,1,1,1,1,1,1,1,20260903,20260930
761155,1,1,1,1,1,1,1,20260903,20260930
761156,1,1,1,1,1,1,1,20260903,20260930
761930,1,1,1,1,1,1,1,20260903,20260930
761931,1,1,1,1,1,1,1,20260903,20260930
761932,1,1,1,1,1,1,1,20260903,20260930
761933,1,1,1,1,1,1,1,20260903,20260930
761934,1,1,1,1,1,1,1,20260903,20260930
761971,1,1,1,1,1,1,1,20260903,20260930
761972,1,1,1,1,1,1,1,20260903,20260930
761973,1,1,1,1,1,1,1,20260903,20260930
761974,1,1,1,1,1,1,1,20260903,20260930
761975,1,1,1,1,1,1,1,20260903,20260930
761976,1,1,1,1,1,1,1,20260903,20260930
761977,1,1,1,1,1,1,1,20260903,20260930
761978,1,1,1,1,1,1,1,20260903,20260930
761979,1,1,1,1,1,1,1,20260903,20260930
761980,1,1,1,1,1,1,1,20260903,20260930
761981,1,1,1,1,1,1,1,20260903,20260930
761433,1,1,1,1,1,1,1,20260903,20260930
761434,1,1,1,1,1,1,1,20260903,20260930
761435,1,1,1,1,1,1,1,20260903,20260930
761436,1,1,1,1,1,1,1,20260903,20260930
761437,1,1,1,1,1,1,1,20260903,20260930
761438,1,1,1,1,1,1,1,20260903,20260930
761439,1,1,1,1,1,1,1,20260903,20260930
761440,1,1,1,1,1,1,1,20260903,20260930
761441,1,1,1,1,1,1,1,20260903,20260930
761442,1,1,1,1,1,1,1,20260903,20260930
761443,1,1,1,1,1,1,1,20260903,20260930
761444,1,1,1,1,1,1,1,20260903,20260930
761445,1,1,1,1,1,1,1,20260903,20260930
761446,1,1,1,1,1,1,1,20260903,20260930
761447,1,1,1,1,1,1,1,20260903,20260930
761982,1,1,1,1,1,1,1,20260903,20260930
761983,1,1,1,1,1,1,1,20260903,20260930
761984,1,1,1,1,1,1,1,20260903,20260930
762039,1,1,1,1,1,1,1,20260903,20260930
762040,1,1,1,1,1,1,1,20260903,20260930
762041,1,1,1,1,1,1,1,20260903,20260930
762042,1,1,1,1,1,1,1,20260903,20260930
762043,1,1,1,1,1,1,1,20260903,20260930
762044,1,1,1,1,1,1,1,20260903,20260930
762045,1,1,1,1,1,1,1,20260903,20260930
762046,1,1,1,1,1,1,1,20260903,20260930
762047,1,1,1,1,1,1,1,20260903,20260930
762048,1,1,1,1,1,1,1,20260903,20260930
762049,1,1,1,1,1,1,1,20260903,20260930
761117,1,1,1,1,1,1,1,20260903,20260930
761157,1,1,1,1,1,1,1,20260903,20260930
761158,1,1,1,1,1,1,1,20260903,20260930
761159,1,1,1,1,1,1,1,20260903,20260930
761160,1,1,1,1,1,1,1,20260903,20260930
761161,1,1,1,1,1,1,1,20260903,20260930
761162,1,1,1,1,1,1,1,20260903,20260930
761163,1,1,1,1,1,1,1,20260903,20260930
761164,1,1,1,1,1,1,1,20260903,20260930
761165,1,1,1,1,1,1,1,20260903,20260930
761166,1,1,1,1,1,1,1,20260903,20260930
761167,1,1,1,1,1,1,1,20260903,20260930
761168,1,1,1,1,1,1,1,20260903,20260930
761170,1,1,1,1,1,1,1,20260903,20260930
761171,1,1,1,1,1,1,1,20260903,20260930
761172,1,1,1,1,1,1,1,20260903,20260930
761173,1,1,1,1,1,1,1,20260903,20260930
761174,1,1,1,1,1,1,1,20260903,20260930
761118,1,1,1,1,1,1,1,20260903,20260930
761119,1,1,1,1,1,1,1,20260903,20260930
761120,1,1,1,1,1,1,1,20260903,20260930
761121,1,1,1,1,1,1,1,20260903,20260930
761122,1,1,1,1,1,1,1,20260903,20260930
761123,1,1,1,1,1,1,1,20260903,20260930
761124,1,1,1,1,1,1,1,20260903,20260930
761125,1,1,1,1,1,1,1,20260903,20260930
761126,1,1,1,1,1,1,1,20260903,20260930
761127,1,1,1,1,1,1,1,20260903,20260930
761128,1,1,1,1,1,1,1,20260903,20260930
761129,1,1,1,1,1,1,1,20260903,20260930
761130,1,1,1,1,1,1,1,20260903,20260930
761131,1,1,1,1,1,1,1,20260903,20260930
761450,1,1,1,1,1,1,1,20260903,20260930
761451,1,1,1,1,1,1,1,20260903,20260930
761452,1,1,1,1,1,1,1,20260903,20260930
761453,1,1,1,1,1,1,1,20260903,20260930
761454,1,1,1,1,1,1,1,20260903,20260930
761455,1,1,1,1,1,1,1,20260903,20260930
761456,1,1,1,1,1,1,1,20260903,20260930
761457,1,1,1,1,1,1,1,20260903,20260930
761458,1,1,1,1,1,1,1,20260903,20260930
761459,1,1,1,1,1,1,1,20260903,20260930
761460,1,1,1,1,1,1,1,20260903,20260930
761461,1,1,1,1,1,1,1,20260903,20260930
761462,1,1,1,1,1,1,1,20260903,20260930
761482,1,1,1,1,1,1,1,20260903,20260930
761483,1,1,1,1,1,1,1,20260903,20260930
761175,1,1,1,1,1,1,1,20260903,20260930
761176,1,1,1,1,1,1,1,20260903,20260930
761177,1,1,1,1,1,1,1,20260903,20260930
761178,1,1,1,1,1,1,1,20260903,20260930
761179,1,1,1,1,1,1,1,20260903,20260930
761180,1,1,1,1,1,1,1,20260903,20260930
761181,1,1,1,1,1,1,1,20260903,20260930
761182,1,1,1,1,1,1,1,20260903,20260930
761192,1,1,1,1,1,1,1,20260903,20260930
761193,1,1,1,1,1,1,1,20260903,20260930
761194,1,1,1,1,1,1,1,20260903,20260930
761195,1,1,1,1,1,1,1,20260903,20260930
761196,1,1,1,1,1,1,1,20260903,20260930
761197,1,1,1,1,1,1,1,20260903,20260930
761198,1,1,1,1,1,1,1,20260903,20260930
761199,1,1,1,1,1,1,1,20260903,20260930
761200,1,1,1,1,1,1,1,20260903,20260930
761201,1,1,1,1,1,1,1,20260903,20260930
761484,1,1,1,1,1,1,1,20260903,20260930
761485,1,1,1,1,1,1,1,20260903,20260930
761486,1,1,1,1,1,1,1,20260903,20260930
761487,1,1,1,1,1,1,1,20260903,20260930
761488,1,1,1,1,1,1,1,20260903,20260930
761489,1,1,1,1,1,1,1,20260903,20260930
761490,1,1,1,1,1,1,1,20260903,20260930
761491,1,1,1,1,1,1,1,20260903,20260930
761492,1,1,1,1,1,1,1,20260903,20260930
761493,1,1,1,1,1,1,1,20260903,20260930
761494,1,1,1,1,1,1,1,20260903,20260930
761497,1,1,1,1,1,1,1,20260903,20260930
761498,1,1,1,1,1,1,1,20260903,20260930
761516,1,1,1,1,1,1,1,20260903,20260930
761517,1,1,1,1,1,1,1,20260903,20260930
761134,1,1,1,1,1,1,1,20260903,20260930
761135,1,1,1,1,1,1,1,20260903,20260930
761635,1,1,1,1,1,1,1,20260903,20260930
761636,1,1,1,1,1,1,1,20260903,20260930
761637,1,1,1,1,1,1,1,20260903,20260930
761638,1,1,1,1,1,1,1,20260903,20260930
761639,1,1,1,1,1,1,1,20260903,20260930
761640,1,1,1,1,1,1,1,20260903,20260930
761641,1,1,1,1,1,1,1,20260903,20260930
761642,1,1,1,1,1,1,1,20260903,20260930
761644,1,1,1,1,1,1,1,20260903,20260930
761645,1,1,1,1,1,1,1,20260903,20260930
761202,1,1,1,1,1,1,1,20260903,20260930
761205,1,1,1,1,1,1,1,20260903,20260930
761206,1,1,1,1,1,1,1,20260903,20260930
761207,1,1,1,1,1,1,1,20260903,20260930
761208,1,1,1,1,1,1,1,20260903,20260930
761209,1,1,1,1,1,1,1,20260903,20260930
761210,1,1,1,1,1,1,1,20260903,20260930
761211,1,1,1,1,1,1,1,20260903,20260930
761212,1,1,1,1,1,1,1,20260903,20260930
761213,1,1,1,1,1,1,1,20260903,20260930
761214,1,1,1,1,1,1,1,20260903,20260930
761215,1,1,1,1,1,1,1,20260903,20260930
761216,1,1,1,1,1,1,1,20260903,20260930
761217,1,1,1,1,1,1,1,20260903,20260930
761218,1,1,1,1,1,1,1,20260903,20260930
761518,1,1,1,1,1,1,1,20260903,20260930
761519,1,1,1,1,1,1,1,20260903,20260930
761520,1,1,1,1,1,1,1,20260903,20260930
761521,1,1,1,1,1,1,1,20260903,20260930
761522,1,1,1,1,1,1,1,20260903,20260930
761523,1,1,1,1,1,1,1,20260903,20260930
761524,1,1,1,1,1,1,1,20260903,20260930
761525,1,1,1,1,1,1,1,20260903,20260930
761526,1,1,1,1,1,1,1,20260903,20260930
761527,1,1,1,1,1,1,1,20260903,20260930
761528,1,1,1,1,1,1,1,20260903,20260930
761529,1,1,1,1,1,1,1,20260903,20260930
761530,1,1,1,1,1,1,1,20260903,20260930
761531,1,1,1,1,1,1,1,20260903,20260930
761532,1,1,1,1,1,1,1,20260903,20260930
761550,1,1,1,1,1,1,1,20260903,20260930
761648,1,1,1,1,1,1,1,20260903,20260930
761649,1,1,1,1,1,1,1,20260903,20260930
761650,1,1,1,1,1,1,1,20260903,20260930
761651,1,1,1,1,1,1,1,20260903,20260930
761652,1,1,1,1,1,1,1,20260903,20260930
761706,1,1,1,1,1,1,1,20260903,20260930
761707,1,1,1,1,1,1,1,20260903,20260930
761708,1,1,1,1,1,1,1,20260903,20260930
761709,1,1,1,1,1,1,1,20260903,20260930
761710,1,1,1,1,1,1,1,20260903,20260930
761711,1,1,1,1,1,1,1,20260903,20260930
761712,1,1,1,1,1,1,1,20260903,20260930
761713,1,1,1,1,1,1,1,20260903,20260930
761714,1,1,1,1,1,1,1,20260903,20260930
761715,1,1,1,1,1,1,1,20260903,20260930
761716,1,1,1,1,1,1,1,20260903,20260930
761717,1,1,1,1,1,1,1,20260903,20260930
761718,1,1,1,1,1,1,1,20260903,20260930
761220,1,1,1,1,1,1,1,20260903,20260930
761221,1,1,1,1,1,1,1,20260903,20260930
761222,1,1,1,1,1,1,1,20260903,20260930
761223,1,1,1,1,1,1,1,20260903,20260930
761224,1,1,1,1,1,1,1,20260903,20260930
761243,1,1,1,1,1,1,1,20260903,20260930
761244,1,1,1,1,1,1,1,20260903,20260930
761245,1,1,1,1,1,1,1,20260903,20260930
761246,1,1,1,1,1,1,1,20260903,20260930
761247,1,1,1,1,1,1,1,20260903,20260930
761248,1,1,1,1,1,1,1,20260903,20260930
761249,1,1,1,1,1,1,1,20260903,20260930
761250,1,1,1,1,1,1,1,20260903,20260930
761251,1,1,1,1,1,1,1,20260903,20260930
761252,1,1,1,1,1,1,1,20260903,20260930
761253,1,1,1,1,1,1,1,20260903,20260930
761254,1,1,1,1,1,1,1,20260903,20260930
761551,1,1,1,1,1,1,1,20260903,20260930
761552,1,1,1,1,1,1,1,20260903,20260930
761553,1,1,1,1,1,1,1,20260903,20260930
761554,1,1,1,1,1,1,1,20260903,20260930
761555,1,1,1,1,1,1,1,20260903,20260930
761556,1,1,1,1,1,1,1,20260903,20260930
761557,1,1,1,1,1,1,1,20260903,20260930
761558,1,1,1,1,1,1,1,20260903,20260930
761561,1,1,1,1,1,1,1,20260903,20260930
761562,1,1,1,1,1,1,1,20260903,20260930
761563,1,1,1,1,1,1,1,20260903,20260930
761564,1,1,1,1,1,1,1,20260903,20260930
761565,1,1,1,1,1,1,1,20260903,20260930
761584,1,1,1,1,1,1,1,20260903,20260930
761719,1,1,1,1,1,1,1,20260903,20260930
761720,1,1,1,1,1,1,1,20260903,20260930
761721,1,1,1,1,1,1,1,20260903,20260930
761722,1,1,1,1,1,1,1,20260903,20260930
761723,1,1,1,1,1,1,1,20260903,20260930
761724,1,1,1,1,1,1,1,20260903,20260930
761761,1,1,1,1,1,1,1,20260903,20260930
761762,1,1,1,1,1,1,1,20260903,20260930
761765,1,1,1,1,1,1,1,20260903,20260930
761766,1,1,1,1,1,1,1,20260903,20260930
761767,1,1,1,1,1,1,1,20260903,20260930
761768,1,1,1,1,1,1,1,20260903,20260930
761769,1,1,1,1,1,1,1,20260903,20260930
761771,1,1,1,1,1,1,1,20260903,20260930
761772,1,1,1,1,1,1,1,20260903,20260930
761773,1,1,1,1,1,1,1,20260903,20260930
761774,1,1,1,1,1,1,1,20260903,20260930
761775,1,1,1,1,1,1,1,20260903,20260930
761776,1,1,1,1,1,1,1,20260903,20260930
761777,1,1,1,1,1,1,1,20260903,20260930
761812,1,1,1,1,1,1,1,20260903,20260930
761814,1,1,1,1,1,1,1,20260903,20260930
761815,1,1,1,1,1,1,1,20260903,20260930
761816,1,1,1,1,1,1,1,20260903,20260930
761817,1,1,1,1,1,1,1,20260903,20260930
761818,1,1,1,1,1,1,1,20260903,20260930
761819,1,1,1,1,1,1,1,20260903,20260930
761820,1,1,1,1,1,1,1,20260903,20260930
761822,1,1,1,1,1,1,1,20260903,20260930
761823,1,1,1,1,1,1,1,20260903,20260930
761585,1,1,1,1,1,1,1,20260903,20260930
761586,1,1,1,1,1,1,1,20260903,20260930
761587,1,1,1,1,1,1,1,20260903,20260930
761588,1,1,1,1,1,1,1,20260903,20260930
761589,1,1,1,1,1,1,1,20260903,20260930
761590,1,1,1,1,1,1,1,20260903,20260930
761591,1,1,1,1,1,1,1,20260903,20260930
761592,1,1,1,1,1,1,1,20260903,20260930
761593,1,1,1,1,1,1,1,20260903,20260930
761594,1,1,1,1,1,1,1,20260903,20260930
761595,1,1,1,1,1,1,1,20260903,20260930
761596,1,1,1,1,1,1,1,20260903,20260930
761597,1,1,1,1,1,1,1,20260903,20260930
761598,1,1,1,1,1,1,1,20260903,20260930
761255,1,1,1,1,1,1,1,20260903,20260930
761256,1,1,1,1,1,1,1,20260903,20260930
761257,1,1,1,1,1,1,1,20260903,20260930
761258,1,1,1,1,1,1,1,20260903,20260930
761259,1,1,1,1,1,1,1,20260903,20260930
761260,1,1,1,1,1,1,1,20260903,20260930
761295,1,1,1,1,1,1,1,20260903,20260930
761296,1,1,1,1,1,1,1,20260903,20260930
761297,1,1,1,1,1,1,1,20260903,20260930
761298,1,1,1,1,1,1,1,20260903,20260930
761299,1,1,1,1,1,1,1,20260903,20260930
761300,1,1,1,1,1,1,1,20260903,20260930
761301,1,1,1,1,1,1,1,20260903,20260930
761302,1,1,1,1,1,1,1,20260903,20260930
761303,1,1,1,1,1,1,1,20260903,20260930
761304,1,1,1,1,1,1,1,20260903,20260930
761305,1,1,1,1,1,1,1,20260903,20260930
761306,1,1,1,1,1,1,1,20260903,20260930
761824,1,1,1,1,1,1,1,20260903,20260930
761825,1,1,1,1,1,1,1,20260903,20260930
761826,1,1,1,1,1,1,1,20260903,20260930
761827,1,1,1,1,1,1,1,20260903,20260930
761828,1,1,1,1,1,1,1,20260903,20260930
761829,1,1,1,1,1,1,1,20260903,20260930
761847,1,1,1,1,1,1,1,20260903,20260930
761848,1,1,1,1,1,1,1,20260903,20260930
761849,1,1,1,1,1,1,1,20260903,20260930
761850,1,1,1,1,1,1,1,20260903,20260930
761851,1,1,1,1,1,1,1,20260903,20260930
761852,1,1,1,1,1,1,1,20260903,20260930
761853,1,1,1,1,1,1,1,20260903,20260930
761854,1,1,1,1,1,1,1,20260903,20260930
761855,1,1,1,1,1,1,1,20260903,20260930
761856,1,1,1,1,1,1,1,20260903,20260930
761857,1,1,1,1,1,1,1,20260903,20260930
761602,1,1,1,1,1,1,1,20260903,20260930
761603,1,1,1,1,1,1,1,20260903,20260930
761604,1,1,1,1,1,1,1,20260903,20260930
761605,1,1,1,1,1,1,1,20260903,20260930
761606,1,1,1,1,1,1,1,20260903,20260930
761607,1,1,1,1,1,1,1,20260903,20260930
761608,1,1,1,1,1,1,1,20260903,20260930
761609,1,1,1,1,1,1,1,20260903,20260930
761610,1,1,1,1,1,1,1,20260903,20260930
761611,1,1,1,1,1,1,1,20260903,20260930
764767,1,1,1,1,1,1,1,20260903,20260930
761307,1,1,1,1,1,1,1,20260903,20260930
761308,1,1,1,1,1,1,1,20260903,20260930
761309,1,1,1,1,1,1,1,20260903,20260930
761310,1,1,1,1,1,1,1,20260903,20260930
761311,1,1,1,1,1,1,1,20260903,20260930
761312,1,1,1,1,1,1,1,20260903,20260930
761313,1,1,1,1,1,1,1,20260903,20260930
761347,1,1,1,1,1,1,1,20260903,20260930
761348,1,1,1,1,1,1,1,20260903,20260930
761349,1,1,1,1,1,1,1,20260903,20260930
761350,1,1,1,1,1,1,1,20260903,20260930
761351,1,1,1,1,1,1,1,20260903,20260930
761352,1,1,1,1,1,1,1,20260903,20260930
761353,1,1,1,1,1,1,1,20260903,20260930
761355,1,1,1,1,1,1,1,20260903,20260930
761356,1,1,1,1,1,1,1,20260903,20260930
761357,1,1,1,1,1,1,1,20260903,20260930
761358,1,1,1,1,1,1,1,20260903,20260930
763518,1,1,1,1,1,1,1,20260903,20260930
763519,1,1,1,1,1,1,1,20260903,20260930
763520,1,1,1,1,1,1,1,20260903,20260930
763521,1,1,1,1,1,1,1,20260903,20260930
763522,1,1,1,1,1,1,1,20260903,20260930
763523,1,1,1,1,1,1,1,20260903,20260930
763524,1,1,1,1,1,1,1,20260903,20260930
763525,1,1,1,1,1,1,1,20260903,20260930
763526,1,1,1,1,1,1,1,20260903,20260930
763527,1,1,1,1,1,1,1,20260903,20260930
763528,1,1,1,1,1,1,1,20260903,20260930
763529,1,1,1,1,1,1,1,20260903,20260930
763530,1,1,1,1,1,1,1,20260903,20260930
761859,1,1,1,1,1,1,1,20260903,20260930
761860,1,1,1,1,1,1,1,20260903,20260930
761861,1,1,1,1,1,1,1,20260903,20260930
761862,1,1,1,1,1,1,1,20260903,20260930
761863,1,1,1,1,1,1,1,20260903,20260930
761864,1,1,1,1,1,1,1,20260903,20260930
761901,1,1,1,1,1,1,1,20260903,20260930
761902,1,1,1,1,1,1,1,20260903,20260930
761903,1,1,1,1,1,1,1,20260903,20260930
761904,1,1,1,1,1,1,1,20260903,20260930
761905,1,1,1,1,1,1,1,20260903,20260930
761907,1,1,1,1,1,1,1,20260903,20260930
761908,1,1,1,1,1,1,1,20260903,20260930
761910,1,1,1,1,1,1,1,20260903,20260930
761911,1,1,1,1,1,1,1,20260903,20260930
764768,1,1,1,1,1,1,1,20260903,20260930
764769,1,1,1,1,1,1,1,20260903,20260930
764770,1,1,1,1,1,1,1,20260903,20260930
764771,1,1,1,1,1,1,1,20260903,20260930
764772,1,1,1,1,1,1,1,20260903,20260930
764773,1,1,1,1,1,1,1,20260903,20260930
764774,1,1,1,1,1,1,1,20260903,20260930
764775,1,1,1,1,1,1,1,20260903,20260930
764776,1,1,1,1,1,1,1,20260903,20260930
764777,1,1,1,1,1,1,1,20260903,20260930
764778,1,1,1,1,1,1,1,20260903,20260930
764779,1,1,1,1,1,1,1,20260903,20260930
764780,1,1,1,1,1,1,1,20260903,20260930
764782,1,1,1,1,1,1,1,20260903,20260930
764783,1,1,1,1,1,1,1,20260903,20260930
764784,1,1,1,1,1,1,1,20260903,20260930
762886,1,1,1,1,1,1,1,20260903,20260930
762890,1,1,1,1,1,1,1,20260903,20260930
763531,1,1,1,1,1,1,1,20260903,20260930
763532,1,1,1,1,1,1,1,20260903,20260930
763533,1,1,1,1,1,1,1,20260903,20260930
763534,1,1,1,1,1,1,1,20260903,20260930
763535,1,1,1,1,1,1,1,20260903,20260930
763536,1,1,1,1,1,1,1,20260903,20260930
763537,1,1,1,1,1,1,1,20260903,20260930
763538,1,1,1,1,1,1,1,20260903,20260930
763539,1,1,1,1,1,1,1,20260903,20260930
763540,1,1,1,1,1,1,1,20260903,20260930
763541,1,1,1,1,1,1,1,20260903,20260930
763542,1,1,1,1,1,1,1,20260903,20260930
763543,1,1,1,1,1,1,1,20260903,20260930
763544,1,1,1,1,1,1,1,20260903,20260930
763545,1,1,1,1,1,1,1,20260903,20260930
763546,1,1,1,1,1,1,1,20260903,20260930
763547,1,1,1,1,1,1,1,20260903,20260930
761912,1,1,1,1,1,1,1,20260903,20260930
761913,1,1,1,1,1,1,1,20260903,20260930
761914,1,1,1,1,1,1,1,20260903,20260930
761915,1,1,1,1,1,1,1,20260903,20260930
761916,1,1,1,1,1,1,1,20260903,20260930
761917,1,1,1,1,1,1,1,20260903,20260930
761918,1,1,1,1,1,1,1,20260903,20260930
761935,1,1,1,1,1,1,1,20260903,20260930
761936,1,1,1,1,1,1,1,20260903,20260930
761937,1,1,1,1,1,1,1,20260903,20260930
761938,1,1,1,1,1,1,1,20260903,20260930
761939,1,1,1,1,1,1,1,20260903,20260930
761940,1,1,1,1,1,1,1,20260903,20260930
761941,1,1,1,1,1,1,1,20260903,20260930
761942,1,1,1,1,1,1,1,20260903,20260930
761943,1,1,1,1,1,1,1,20260903,20260930
761944,1,1,1,1,1,1,1,20260903,20260930
761945,1,1,1,1,1,1,1,20260903,20260930
764785,1,1,1,1,1,1,1,20260903,20260930
764787,1,1,1,1,1,1,1,20260903,20260930
764788,1,1,1,1,1,1,1,20260903,20260930
764790,1,1,1,1,1,1,1,20260903,20260930
764791,1,1,1,1,1,1,1,20260903,20260930
764792,1,1,1,1,1,1,1,20260903,20260930
764793,1,1,1,1,1,1,1,20260903,20260930
764795,1,1,1,1,1,1,1,20260903,20260930
764796,1,1,1,1,1,1,1,20260903,20260930
764797,1,1,1,1,1,1,1,20260903,20260930
764798,1,1,1,1,1,1,1,20260903,20260930
761361,1,1,1,1,1,1,1,20260903,20260930
761362,1,1,1,1,1,1,1,20260903,20260930
761363,1,1,1,1,1,1,1,20260903,20260930
761364,1,1,1,1,1,1,1,20260903,20260930
761365,1,1,1,1,1,1,1,20260903,20260930
761401,1,1,1,1,1,1,1,20260903,20260930
761402,1,1,1,1,1,1,1,20260903,20260930
761403,1,1,1,1,1,1,1,20260903,20260930
761404,1,1,1,1,1,1,1,20260903,20260930
761405,1,1,1,1,1,1,1,20260903,20260930
761406,1,1,1,1,1,1,1,20260903,20260930
761407,1,1,1,1,1,1,1,20260903,20260930
761408,1,1,1,1,1,1,1,20260903,20260930
761409,1,1,1,1,1,1,1,20260903,20260930
761946,1,1,1,1,1,1,1,20260903,20260930
761947,1,1,1,1,1,1,1,20260903,20260930
761948,1,1,1,1,1,1,1,20260903,20260930
761949,1,1,1,1,1,1,1,20260903,20260930
761950,1,1,1,1,1,1,1,20260903,20260930
761951,1,1,1,1,1,1,1,20260903,20260930
761986,1,1,1,1,1,1,1,20260903,20260930
761987,1,1,1,1,1,1,1,20260903,20260930
761988,1,1,1,1,1,1,1,20260903,20260930
761989,1,1,1,1,1,1,1,20260903,20260930
761990,1,1,1,1,1,1,1,20260903,20260930
761991,1,1,1,1,1,1,1,20260903,20260930
761992,1,1,1,1,1,1,1,20260903,20260930
761993,1,1,1,1,1,1,1,20260903,20260930
761994,1,1,1,1,1,1,1,20260903,20260930
761995,1,1,1,1,1,1,1,20260903,20260930
761996,1,1,1,1,1,1,1,20260903,20260930
761997,1,1,1,1,1,1,1,20260903,20260930
763550,1,1,1,1,1,1,1,20260903,20260930
763551,1,1,1,1,1,1,1,20260903,20260930
763552,1,1,1,1,1,1,1,20260903,20260930
763553,1,1,1,1,1,1,1,20260903,20260930
763554,1,1,1,1,1,1,1,20260903,20260930
763555,1,1,1,1,1,1,1,20260903,20260930
763556,1,1,1,1,1,1,1,20260903,20260930
763557,1,1,1,1,1,1,1,20260903,20260930
763558,1,1,1,1,1,1,1,20260903,20260930
763559,1,1,1,1,1,1,1,20260903,20260930
763560,1,1,1,1,1,1,1,20260903,20260930
763561,1,1,1,1,1,1,1,20260903,20260930
763562,1,1,1,1,1,1,1,20260903,20260930
763563,1,1,1,1,1,1,1,20260903,20260930
764801,1,1,1,1,1,1,1,20260903,20260930
764802,1,1,1,1,1,1,1,20260903,20260930
764803,1,1,1,1,1,1,1,20260903,20260930
764804,1,1,1,1,1,1,1,20260903,20260930
764805,1,1,1,1,1,1,1,20260903,20260930
764806,1,1,1,1,1,1,1,20260903,20260930
764807,1,1,1,1,1,1,1,20260903,20260930
764808,1,1,1,1,1,1,1,20260903,20260930
764809,1,1,1,1,1,1,1,20260903,20260930
764810,1,1,1,1,1,1,1,20260903,20260930
764811,1,1,1,1,1,1,1,20260903,20260930
764812,1,1,1,1,1,1,1,20260903,20260930
764813,1,1,1,1,1,1,1,20260903,20260930
764814,1,1,1,1,1,1,1,20260903,20260930
764815,1,1,1,1,1,1,1,20260903,20260930
764816,1,1,1,1,1,1,1,20260903,20260930
764817,1,1,1,1,1,1,1,20260903,20260930
761998,1,1,1,1,1,1,1,20260903,20260930
761999,1,1,1,1,1,1,1,20260903,20260930
762000,1,1,1,1,1,1,1,20260903,20260930
762001,1,1,1,1,1,1,1,20260903,20260930
762002,1,1,1,1,1,1,1,20260903,20260930
762003,1,1,1,1,1,1,1,20260903,20260930
762004,1,1,1,1,1,1,1,20260903,20260930
762021,1,1,1,1,1,1,1,20260903,20260930
762022,1,1,1,1,1,1,1,20260903,20260930
762023,1,1,1,1,1,1,1,20260903,20260930
762024,1,1,1,1,1,1,1,20260903,20260930
762025,1,1,1,1,1,1,1,20260903,20260930
762026,1,1,1,1,1,1,1,20260903,20260930
762028,1,1,1,1,1,1,1,20260903,20260930
762029,1,1,1,1,1,1,1,20260903,20260930
762031,1,1,1,1,1,1,1,20260903,20260930
761410,1,1,1,1,1,1,1,20260903,20260930
761411,1,1,1,1,1,1,1,20260903,20260930
761412,1,1,1,1,1,1,1,20260903,20260930
761463,1,1,1,1,1,1,1,20260903,20260930
761464,1,1,1,1,1,1,1,20260903,20260930
761465,1,1,1,1,1,1,1,20260903,20260930
761466,1,1,1,1,1,1,1,20260903,20260930
761467,1,1,1,1,1,1,1,20260903,20260930
761468,1,1,1,1,1,1,1,20260903,20260930
761469,1,1,1,1,1,1,1,20260903,20260930
761470,1,1,1,1,1,1,1,20260903,20260930
761471,1,1,1,1,1,1,1,20260903,20260930
761472,1,1,1,1,1,1,1,20260903,20260930
761473,1,1,1,1,1,1,1,20260903,20260930
761475,1,1,1,1,1,1,1,20260903,20260930
761476,1,1,1,1,1,1,1,20260903,20260930
763564,1,1,1,1,1,1,1,20260903,20260930
763565,1,1,1,1,1,1,1,20260903,20260930
763566,1,1,1,1,1,1,1,20260903,20260930
763567,1,1,1,1,1,1,1,20260903,20260930
763568,1,1,1,1,1,1,1,20260903,20260930
763569,1,1,1,1,1,1,1,20260903,20260930
763570,1,1,1,1,1,1,1,20260903,20260930
763571,1,1,1,1,1,1,1,20260903,20260930
763572,1,1,1,1,1,1,1,20260903,20260930
763573,1,1,1,1,1,1,1,20260903,20260930
763574,1,1,1,1,1,1,1,20260903,20260930
763575,1,1,1,1,1,1,1,20260903,20260930
763576,1,1,1,1,1,1,1,20260903,20260930
763577,1,1,1,1,1,1,1,20260903,20260930
762897,1,1,1,1,1,1,1,20260903,20260930
762905,1,1,1,1,1,1,1,20260903,20260930
762910,1,1,1,1,1,1,1,20260903,20260930
764818,1,1,1,1,1,1,1,20260903,20260930
764820,1,1,1,1,1,1,1,20260903,20260930
764821,1,1,1,1,1,1,1,20260903,20260930
764823,1,1,1,1,1,1,1,20260903,20260930
764824,1,1,1,1,1,1,1,20260903,20260930
764825,1,1,1,1,1,1,1,20260903,20260930
764826,1,1,1,1,1,1,1,20260903,20260930
764827,1,1,1,1,1,1,1,20260903,20260930
764828,1,1,1,1,1,1,1,20260903,20260930
764831,1,1,1,1,1,1,1,20260903,20260930
764832,1,1,1,1,1,1,1,20260903,20260930
764833,1,1,1,1,1,1,1,20260903,20260930
762032,1,1,1,1,1,1,1,20260903,20260930
762034,1,1,1,1,1,1,1,20260903,20260930
762035,1,1,1,1,1,1,1,20260903,20260930
762036,1,1,1,1,1,1,1,20260903,20260930
762037,1,1,1,1,1,1,1,20260903,20260930
762050,1,1,1,1,1,1,1,20260903,20260930
762051,1,1,1,1,1,1,1,20260903,20260930
762052,1,1,1,1,1,1,1,20260903,20260930
762053,1,1,1,1,1,1,1,20260903,20260930
762054,1,1,1,1,1,1,1,20260903,20260930
762055,1,1,1,1,1,1,1,20260903,20260930
762056,1,1,1,1,1,1,1,20260903,20260930
762057,1,1,1,1,1,1,1,20260903,20260930
762058,1,1,1,1,1,1,1,20260903,20260930
762059,1,1,1,1,1,1,1,20260903,20260930
762060,1,1,1,1,1,1,1,20260903,20260930
762061,1,1,1,1,1,1,1,20260903,20260930
763580,1,1,1,1,1,1,1,20260903,20260930
763581,1,1,1,1,1,1,1,20260903,20260930
763582,1,1,1,1,1,1,1,20260903,20260930
763583,1,1,1,1,1,1,1,20260903,20260930
763584,1,1,1,1,1,1,1,20260903,20260930
763585,1,1,1,1,1,1,1,20260903,20260930
763586,1,1,1,1,1,1,1,20260903,20260930
763587,1,1,1,1,1,1,1,20260903,20260930
763588,1,1,1,1,1,1,1,20260903,20260930
763589,1,1,1,1,1,1,1,20260903,20260930
763590,1,1,1,1,1,1,1,20260903,20260930
763591,1,1,1,1,1,1,1,20260903,20260930
763592,1,1,1,1,1,1,1,20260903,20260930
763593,1,1,1,1,1,1,1,20260903,20260930
763594,1,1,1,1,1,1,1,20260903,20260930
763595,1,1,1,1,1,1,1,20260903,20260930
763596,1,1,1,1,1,1,1,20260903,20260930
764834,1,1,1,1,1,1,1,20260903,20260930
764835,1,1,1,1,1,1,1,20260903,20260930
764836,1,1,1,1,1,1,1,20260903,20260930
764837,1,1,1,1,1,1,1,20260903,20260930
764838,1,1,1,1,1,1,1,20260903,20260930
764839,1,1,1,1,1,1,1,20260903,20260930
764840,1,1,1,1,1,1,1,20260903,20260930
764841,1,1,1,1,1,1,1,20260903,20260930
764842,1,1,1,1,1,1,1,20260903,20260930
764844,1,1,1,1,1,1,1,20260903,20260930
764845,1,1,1,1,1,1,1,20260903,20260930
764846,1,1,1,1,1,1,1,20260903,20260930
764847,1,1,1,1,1,1,1,20260903,20260930
764848,1,1,1,1,1,1,1,20260903,20260930
764849,1,1,1,1,1,1,1,20260903,20260930
761477,1,1,1,1,1,1,1,20260903,20260930
761478,1,1,1,1,1,1,1,20260903,20260930
761479,1,1,1,1,1,1,1,20260903,20260930
761480,1,1,1,1,1,1,1,20260903,20260930
761481,1,1,1,1,1,1,1,20260903,20260930
761499,1,1,1,1,1,1,1,20260903,20260930
761500,1,1,1,1,1,1,1,20260903,20260930
761501,1,1,1,1,1,1,1,20260903,20260930
761502,1,1,1,1,1,1,1,20260903,20260930
761505,1,1,1,1,1,1,1,20260903,20260930
761506,1,1,1,1,1,1,1,20260903,20260930
761507,1,1,1,1,1,1,1,20260903,20260930
761508,1,1,1,1,1,1,1,20260903,20260930
761509,1,1,1,1,1,1,1,20260903,20260930
761510,1,1,1,1,1,1,1,20260903,20260930
761511,1,1,1,1,1,1,1,20260903,20260930
762062,1,1,1,1,1,1,1,20260903,20260930
762063,1,1,1,1,1,1,1,20260903,20260930
762064,1,1,1,1,1,1,1,20260903,20260930
762065,1,1,1,1,1,1,1,20260903,20260930
762066,1,1,1,1,1,1,1,20260903,20260930
762067,1,1,1,1,1,1,1,20260903,20260930
762068,1,1,1,1,1,1,1,20260903,20260930
762087,1,1,1,1,1,1,1,20260903,20260930
762088,1,1,1,1,1,1,1,20260903,20260930
762089,1,1,1,1,1,1,1,20260903,20260930
762090,1,1,1,1,1,1,1,20260903,20260930
762091,1,1,1,1,1,1,1,20260903,20260930
762092,1,1,1,1,1,1,1,20260903,20260930
762093,1,1,1,1,1,1,1,20260903,20260930
762094,1,1,1,1,1,1,1,20260903,20260930
762095,1,1,1,1,1,1,1,20260903,20260930
762096,1,1,1,1,1,1,1,20260903,20260930
762097,1,1,1,1,1,1,1,20260903,20260930
762914,1,1,1,1,1,1,1,20260903,20260930
762915,1,1,1,1,1,1,1,20260903,20260930
762916,1,1,1,1,1,1,1,20260903,20260930
762917,1,1,1,1,1,1,1,20260903,20260930
762918,1,1,1,1,1,1,1,20260903,20260930
762919,1,1,1,1,1,1,1,20260903,20260930
762921,1,1,1,1,1,1,1,20260903,20260930
762923,1,1,1,1,1,1,1,20260903,20260930
762924,1,1,1,1,1,1,1,20260903,20260930
762925,1,1,1,1,1,1,1,20260903,20260930
763597,1,1,1,1,1,1,1,20260903,20260930
763598,1,1,1,1,1,1,1,20260903,20260930
763599,1,1,1,1,1,1,1,20260903,20260930
763600,1,1,1,1,1,1,1,20260903,20260930
763601,1,1,1,1,1,1,1,20260903,20260930
763602,1,1,1,1,1,1,1,20260903,20260930
763603,1,1,1,1,1,1,1,20260903,20260930
763606,1,1,1,1,1,1,1,20260903,20260930
763607,1,1,1,1,1,1,1,20260903,20260930
763608,1,1,1,1,1,1,1,20260903,20260930
763609,1,1,1,1,1,1,1,20260903,20260930
763610,1,1,1,1,1,1,1,20260903,20260930
763611,1,1,1,1,1,1,1,20260903,20260930
763612,1,1,1,1,1,1,1,20260903,20260930
762841,1,1,1,1,1,1,1,20260903,20260930
762843,1,1,1,1,1,1,1,20260903,20260930
762847,1,1,1,1,1,1,1,20260903,20260930
762849,1,1,1,1,1,1,1,20260903,20260930
762852,1,1,1,1,1,1,1,20260903,20260930
764851,1,1,1,1,1,1,1,20260903,20260930
764852,1,1,1,1,1,1,1,20260903,20260930
764853,1,1,1,1,1,1,1,20260903,20260930
764854,1,1,1,1,1,1,1,20260903,20260930
764856,1,1,1,1,1,1,1,20260903,20260930
764857,1,1,1,1,1,1,1,20260903,20260930
764858,1,1,1,1,1,1,1,20260903,20260930
764859,1,1,1,1,1,1,1,20260903,20260930
764860,1,1,1,1,1,1,1,20260903,20260930
764861,1,1,1,1,1,1,1,20260903,20260930
764863,1,1,1,1,1,1,1,20260903,20260930
764864,1,1,1,1,1,1,1,20260903,20260930
764865,1,1,1,1,1,1,1,20260903,20260930
764866,1,1,1,1,1,1,1,20260903,20260930
761512,1,1,1,1,1,1,1,20260903,20260930
761513,1,1,1,1,1,1,1,20260903,20260930
761514,1,1,1,1,1,1,1,20260903,20260930
761515,1,1,1,1,1,1,1,20260903,20260930
761533,1,1,1,1,1,1,1,20260903,20260930
761534,1,1,1,1,1,1,1,20260903,20260930
761535,1,1,1,1,1,1,1,20260903,20260930
761536,1,1,1,1,1,1,1,20260903,20260930
761537,1,1,1,1,1,1,1,20260903,20260930
761538,1,1,1,1,1,1,1,20260903,20260930
761539,1,1,1,1,1,1,1,20260903,20260930
761540,1,1,1,1,1,1,1,20260903,20260930
761541,1,1,1,1,1,1,1,20260903,20260930
761542,1,1,1,1,1,1,1,20260903,20260930
761543,1,1,1,1,1,1,1,20260903,20260930
761544,1,1,1,1,1,1,1,20260903,20260930
761545,1,1,1,1,1,1,1,20260903,20260930
762855,1,1,1,1,1,1,1,20260903,20260930
762857,1,1,1,1,1,1,1,20260903,20260930
762858,1,1,1,1,1,1,1,20260903,20260930
762859,1,1,1,1,1,1,1,20260903,20260930
762860,1,1,1,1,1,1,1,20260903,20260930
762861,1,1,1,1,1,1,1,20260903,20260930
762862,1,1,1,1,1,1,1,20260903,20260930
762929,1,1,1,1,1,1,1,20260903,20260930
762930,1,1,1,1,1,1,1,20260903,20260930
762932,1,1,1,1,1,1,1,20260903,20260930
762935,1,1,1,1,1,1,1,20260903,20260930
762936,1,1,1,1,1,1,1,20260903,20260930
764867,1,1,1,1,1,1,1,20260903,20260930
764868,1,1,1,1,1,1,1,20260903,20260930
764869,1,1,1,1,1,1,1,20260903,20260930
764870,1,1,1,1,1,1,1,20260903,20260930
764871,1,1,1,1,1,1,1,20260903,20260930
764872,1,1,1,1,1,1,1,20260903,20260930
764873,1,1,1,1,1,1,1,20260903,20260930
764874,1,1,1,1,1,1,1,20260903,20260930
764875,1,1,1,1,1,1,1,20260903,20260930
764876,1,1,1,1,1,1,1,20260903,20260930
764877,1,1,1,1,1,1,1,20260903,20260930
764878,1,1,1,1,1,1,1,20260903,20260930
764880,1,1,1,1,1,1,1,20260903,20260930
764881,1,1,1,1,1,1,1,20260903,20260930
764882,1,1,1,1,1,1,1,20260903,20260930
763613,1,1,1,1,1,1,1,20260903,20260930
763614,1,1,1,1,1,1,1,20260903,20260930
763615,1,1,1,1,1,1,1,20260903,20260930
763616,1,1,1,1,1,1,1,20260903,20260930
763617,1,1,1,1,1,1,1,20260903,20260930
763618,1,1,1,1,1,1,1,20260903,20260930
763619,1,1,1,1,1,1,1,20260903,20260930
763620,1,1,1,1,1,1,1,20260903,20260930
763621,1,1,1,1,1,1,1,20260903,20260930
763622,1,1,1,1,1,1,1,20260903,20260930
763769,1,1,1,1,1,1,1,20260903,20260930
763770,1,1,1,1,1,1,1,20260903,20260930
763771,1,1,1,1,1,1,1,20260903,20260930
763772,1,1,1,1,1,1,1,20260903,20260930
764883,1,1,1,1,1,1,1,20260903,20260930
764884,1,1,1,1,1,1,1,20260903,20260930
764885,1,1,1,1,1,1,1,20260903,20260930
764886,1,1,1,1,1,1,1,20260903,20260930
764887,1,1,1,1,1,1,1,20260903,20260930
764888,1,1,1,1,1,1,1,20260903,20260930
764889,1,1,1,1,1,1,1,20260903,20260930
764890,1,1,1,1,1,1,1,20260903,20260930
764891,1,1,1,1,1,1,1,20260903,20260930
764892,1,1,1,1,1,1,1,20260903,20260930
764893,1,1,1,1,1,1,1,20260903,20260930
764894,1,1,1,1,1,1,1,20260903,20260930
764895,1,1,1,1,1,1,1,20260903,20260930
764896,1,1,1,1,1,1,1,20260903,20260930
764897,1,1,1,1,1,1,1,20260903,20260930
764898,1,1,1,1,1,1,1,20260903,20260930
764899,1,1,1,1,1,1,1,20260903,20260930
762098,1,1,1,1,1,1,1,20260903,20260930
762099,1,1,1,1,1,1,1,20260903,20260930
762100,1,1,1,1,1,1,1,20260903,20260930
762101,1,1,1,1,1,1,1,20260903,20260930
762102,1,1,1,1,1,1,1,20260903,20260930
762103,1,1,1,1,1,1,1,20260903,20260930
762123,1,1,1,1,1,1,1,20260903,20260930
762124,1,1,1,1,1,1,1,20260903,20260930
762125,1,1,1,1,1,1,1,20260903,20260930
762126,1,1,1,1,1,1,1,20260903,20260930
762127,1,1,1,1,1,1,1,20260903,20260930
762130,1,1,1,1,1,1,1,20260903,20260930
762131,1,1,1,1,1,1,1,20260903,20260930
762132,1,1,1,1,1,1,1,20260903,20260930
762938,1,1,1,1,1,1,1,20260903,20260930
762939,1,1,1,1,1,1,1,20260903,20260930
762941,1,1,1,1,1,1,1,20260903,20260930
762945,1,1,1,1,1,1,1,20260903,20260930
761548,1,1,1,1,1,1,1,20260903,20260930
761549,1,1,1,1,1,1,1,20260903,20260930
761566,1,1,1,1,1,1,1,20260903,20260930
761567,1,1,1,1,1,1,1,20260903,20260930
761568,1,1,1,1,1,1,1,20260903,20260930
761569,1,1,1,1,1,1,1,20260903,20260930
761570,1,1,1,1,1,1,1,20260903,20260930
761571,1,1,1,1,1,1,1,20260903,20260930
761572,1,1,1,1,1,1,1,20260903,20260930
761573,1,1,1,1,1,1,1,20260903,20260930
761574,1,1,1,1,1,1,1,20260903,20260930
761575,1,1,1,1,1,1,1,20260903,20260930
761576,1,1,1,1,1,1,1,20260903,20260930
761577,1,1,1,1,1,1,1,20260903,20260930
761578,1,1,1,1,1,1,1,20260903,20260930
761579,1,1,1,1,1,1,1,20260903,20260930
761580,1,1,1,1,1,1,1,20260903,20260930
762133,1,1,1,1,1,1,1,20260903,20260930
762134,1,1,1,1,1,1,1,20260903,20260930
762135,1,1,1,1,1,1,1,20260903,20260930
762136,1,1,1,1,1,1,1,20260903,20260930
762137,1,1,1,1,1,1,1,20260903,20260930
762138,1,1,1,1,1,1,1,20260903,20260930
762139,1,1,1,1,1,1,1,20260903,20260930
762140,1,1,1,1,1,1,1,20260903,20260930
762141,1,1,1,1,1,1,1,20260903,20260930
762142,1,1,1,1,1,1,1,20260903,20260930
762143,1,1,1,1,1,1,1,20260903,20260930
762145,1,1,1,1,1,1,1,20260903,20260930
762146,1,1,1,1,1,1,1,20260903,20260930
762147,1,1,1,1,1,1,1,20260903,20260930
762148,1,1,1,1,1,1,1,20260903,20260930
762149,1,1,1,1,1,1,1,20260903,20260930
762150,1,1,1,1,1,1,1,20260903,20260930
762151,1,1,1,1,1,1,1,20260903,20260930
764900,1,1,1,1,1,1,1,20260903,20260930
764901,1,1,1,1,1,1,1,20260903,20260930
764902,1,1,1,1,1,1,1,20260903,20260930
764903,1,1,1,1,1,1,1,20260903,20260930
764904,1,1,1,1,1,1,1,20260903,20260930
764905,1,1,1,1,1,1,1,20260903,20260930
764906,1,1,1,1,1,1,1,20260903,20260930
764907,1,1,1,1,1,1,1,20260903,20260930
764908,1,1,1,1,1,1,1,20260903,20260930
764909,1,1,1,1,1,1,1,20260903,20260930
764910,1,1,1,1,1,1,1,20260903,20260930
764912,1,1,1,1,1,1,1,20260903,20260930
764913,1,1,1,1,1,1,1,20260903,20260930
764914,1,1,1,1,1,1,1,20260903,20260930
764915,1,1,1,1,1,1,1,20260903,20260930
761581,1,1,1,1,1,1,1,20260903,20260930
761582,1,1,1,1,1,1,1,20260903,20260930
761583,1,1,1,1,1,1,1,20260903,20260930
761616,1,1,1,1,1,1,1,20260903,20260930
761617,1,1,1,1,1,1,1,20260903,20260930
761618,1,1,1,1,1,1,1,20260903,20260930
761619,1,1,1,1,1,1,1,20260903,20260930
761620,1,1,1,1,1,1,1,20260903,20260930
761621,1,1,1,1,1,1,1,20260903,20260930
761623,1,1,1,1,1,1,1,20260903,20260930
761624,1,1,1,1,1,1,1,20260903,20260930
761625,1,1,1,1,1,1,1,20260903,20260930
761626,1,1,1,1,1,1,1,20260903,20260930
761627,1,1,1,1,1,1,1,20260903,20260930
761628,1,1,1,1,1,1,1,20260903,20260930
761629,1,1,1,1,1,1,1,20260903,20260930
761630,1,1,1,1,1,1,1,20260903,20260930
762956,1,1,1,1,1,1,1,20260903,20260930
762960,1,1,1,1,1,1,1,20260903,20260930
761631,1,1,1,1,1,1,1,20260903,20260930
761632,1,1,1,1,1,1,1,20260903,20260930
761633,1,1,1,1,1,1,1,20260903,20260930
761634,1,1,1,1,1,1,1,20260903,20260930
761671,1,1,1,1,1,1,1,20260903,20260930
761672,1,1,1,1,1,1,1,20260903,20260930
761673,1,1,1,1,1,1,1,20260903,20260930
761674,1,1,1,1,1,1,1,20260903,20260930
761675,1,1,1,1,1,1,1,20260903,20260930
761676,1,1,1,1,1,1,1,20260903,20260930
761677,1,1,1,1,1,1,1,20260903,20260930
761678,1,1,1,1,1,1,1,20260903,20260930
761679,1,1,1,1,1,1,1,20260903,20260930
761680,1,1,1,1,1,1,1,20260903,20260930
761681,1,1,1,1,1,1,1,20260903,20260930
761683,1,1,1,1,1,1,1,20260903,20260930
763774,1,1,1,1,1,1,1,20260903,20260930
763775,1,1,1,1,1,1,1,20260903,20260930
763776,1,1,1,1,1,1,1,20260903,20260930
763777,1,1,1,1,1,1,1,20260903,20260930
763778,1,1,1,1,1,1,1,20260903,20260930
763781,1,1,1,1,1,1,1,20260903,20260930
763782,1,1,1,1,1,1,1,20260903,20260930
763783,1,1,1,1,1,1,1,20260903,20260930
763784,1,1,1,1,1,1,1,20260903,20260930
763785,1,1,1,1,1,1,1,20260903,20260930
763786,1,1,1,1,1,1,1,20260903,20260930
763787,1,1,1,1,1,1,1,20260903,20260930
763788,1,1,1,1,1,1,1,20260903,20260930
763789,1,1,1,1,1,1,1,20260903,20260930
763790,1,1,1,1,1,1,1,20260903,20260930
762152,1,1,1,1,1,1,1,20260903,20260930
762153,1,1,1,1,1,1,1,20260903,20260930
762154,1,1,1,1,1,1,1,20260903,20260930
762157,1,1,1,1,1,1,1,20260903,20260930
762176,1,1,1,1,1,1,1,20260903,20260930
762177,1,1,1,1,1,1,1,20260903,20260930
762178,1,1,1,1,1,1,1,20260903,20260930
762179,1,1,1,1,1,1,1,20260903,20260930
762180,1,1,1,1,1,1,1,20260903,20260930
762181,1,1,1,1,1,1,1,20260903,20260930
762182,1,1,1,1,1,1,1,20260903,20260930
762183,1,1,1,1,1,1,1,20260903,20260930
762184,1,1,1,1,1,1,1,20260903,20260930
762185,1,1,1,1,1,1,1,20260903,20260930
762186,1,1,1,1,1,1,1,20260903,20260930
762187,1,1,1,1,1,1,1,20260903,20260930
761685,1,1,1,1,1,1,1,20260903,20260930
761686,1,1,1,1,1,1,1,20260903,20260930
761687,1,1,1,1,1,1,1,20260903,20260930
761688,1,1,1,1,1,1,1,20260903,20260930
761689,1,1,1,1,1,1,1,20260903,20260930
761743,1,1,1,1,1,1,1,20260903,20260930
761744,1,1,1,1,1,1,1,20260903,20260930
761745,1,1,1,1,1,1,1,20260903,20260930
761746,1,1,1,1,1,1,1,20260903,20260930
761747,1,1,1,1,1,1,1,20260903,20260930
761748,1,1,1,1,1,1,1,20260903,20260930
761749,1,1,1,1,1,1,1,20260903,20260930
761750,1,1,1,1,1,1,1,20260903,20260930
761751,1,1,1,1,1,1,1,20260903,20260930
761752,1,1,1,1,1,1,1,20260903,20260930
761753,1,1,1,1,1,1,1,20260903,20260930
761754,1,1,1,1,1,1,1,20260903,20260930
761755,1,1,1,1,1,1,1,20260903,20260930
764916,1,1,1,1,1,1,1,20260903,20260930
764917,1,1,1,1,1,1,1,20260903,20260930
764918,1,1,1,1,1,1,1,20260903,20260930
764919,1,1,1,1,1,1,1,20260903,20260930
764920,1,1,1,1,1,1,1,20260903,20260930
764921,1,1,1,1,1,1,1,20260903,20260930
764922,1,1,1,1,1,1,1,20260903,20260930
764923,1,1,1,1,1,1,1,20260903,20260930
764924,1,1,1,1,1,1,1,20260903,20260930
764925,1,1,1,1,1,1,1,20260903,20260930
764926,1,1,1,1,1,1,1,20260903,20260930
764927,1,1,1,1,1,1,1,20260903,20260930
764928,1,1,1,1,1,1,1,20260903,20260930
764929,1,1,1,1,1,1,1,20260903,20260930
764930,1,1,1,1,1,1,1,20260903,20260930
764931,1,1,1,1,1,1,1,20260903,20260930
761756,1,1,1,1,1,1,1,20260903,20260930
761757,1,1,1,1,1,1,1,20260903,20260930
761758,1,1,1,1,1,1,1,20260903,20260930
761759,1,1,1,1,1,1,1,20260903,20260930
761760,1,1,1,1,1,1,1,20260903,20260930
761794,1,1,1,1,1,1,1,20260903,20260930
761795,1,1,1,1,1,1,1,20260903,20260930
761798,1,1,1,1,1,1,1,20260903,20260930
761799,1,1,1,1,1,1,1,20260903,20260930
761800,1,1,1,1,1,1,1,20260903,20260930
761801,1,1,1,1,1,1,1,20260903,20260930
761802,1,1,1,1,1,1,1,20260903,20260930
761803,1,1,1,1,1,1,1,20260903,20260930
761804,1,1,1,1,1,1,1,20260903,20260930
761805,1,1,1,1,1,1,1,20260903,20260930
761806,1,1,1,1,1,1,1,20260903,20260930
761807,1,1,1,1,1,1,1,20260903,20260930
761808,1,1,1,1,1,1,1,20260903,20260930
761809,1,1,1,1,1,1,1,20260903,20260930
761810,1,1,1,1,1,1,1,20260903,20260930
761811,1,1,1,1,1,1,1,20260903,20260930
761865,1,1,1,1,1,1,1,20260903,20260930
761866,1,1,1,1,1,1,1,20260903,20260930
761867,1,1,1,1,1,1,1,20260903,20260930
761868,1,1,1,1,1,1,1,20260903,20260930
761869,1,1,1,1,1,1,1,20260903,20260930
761870,1,1,1,1,1,1,1,20260903,20260930
761871,1,1,1,1,1,1,1,20260903,20260930
761872,1,1,1,1,1,1,1,20260903,20260930
761874,1,1,1,1,1,1,1,20260903,20260930
761875,1,1,1,1,1,1,1,20260903,20260930
761876,1,1,1,1,1,1,1,20260903,20260930
761877,1,1,1,1,1,1,1,20260903,20260930
761878,1,1,1,1,1,1,1,20260903,20260930
761879,1,1,1,1,1,1,1,20260903,20260930
761880,1,1,1,1,1,1,1,20260903,20260930
761881,1,1,1,1,1,1,1,20260903,20260930
761882,1,1,1,1,1,1,1,20260903,20260930
761952,1,1,1,1,1,1,1,20260903,20260930
761953,1,1,1,1,1,1,1,20260903,20260930
761954,1,1,1,1,1,1,1,20260903,20260930
761955,1,1,1,1,1,1,1,20260903,20260930
761956,1,1,1,1,1,1,1,20260903,20260930
761957,1,1,1,1,1,1,1,20260903,20260930
761958,1,1,1,1,1,1,1,20260903,20260930
761959,1,1,1,1,1,1,1,20260903,20260930
761960,1,1,1,1,1,1,1,20260903,20260930
761961,1,1,1,1,1,1,1,20260903,20260930
761963,1,1,1,1,1,1,1,20260903,20260930
761964,1,1,1,1,1,1,1,20260903,20260930
761965,1,1,1,1,1,1,1,20260903,20260930
763791,1,1,1,1,1,1,1,20260903,20260930
763792,1,1,1,1,1,1,1,20260903,20260930
763794,1,1,1,1,1,1,1,20260903,20260930
763795,1,1,1,1,1,1,1,20260903,20260930
763797,1,1,1,1,1,1,1,20260903,20260930
763798,1,1,1,1,1,1,1,20260903,20260930
763799,1,1,1,1,1,1,1,20260903,20260930
763800,1,1,1,1,1,1,1,20260903,20260930
763801,1,1,1,1,1,1,1,20260903,20260930
763802,1,1,1,1,1,1,1,20260903,20260930
763803,1,1,1,1,1,1,1,20260903,20260930
763804,1,1,1,1,1,1,1,20260903,20260930
763805,1,1,1,1,1,1,1,20260903,20260930
764932,1,1,1,1,1,1,1,20260903,20260930
764933,1,1,1,1,1,1,1,20260903,20260930
764934,1,1,1,1,1,1,1,20260903,20260930
764935,1,1,1,1,1,1,1,20260903,20260930
764936,1,1,1,1,1,1,1,20260903,20260930
764937,1,1,1,1,1,1,1,20260903,20260930
764938,1,1,1,1,1,1,1,20260903,20260930
764939,1,1,1,1,1,1,1,20260903,20260930
764942,1,1,1,1,1,1,1,20260903,20260930
764943,1,1,1,1,1,1,1,20260903,20260930
764944,1,1,1,1,1,1,1,20260903,20260930
764945,1,1,1,1,1,1,1,20260903,20260930
764946,1,1,1,1,1,1,1,20260903,20260930
764947,1,1,1,1,1,1,1,20260903,20260930
762188,1,1,1,1,1,1,1,20260903,20260930
762189,1,1,1,1,1,1,1,20260903,20260930
762190,1,1,1,1,1,1,1,20260903,20260930
762191,1,1,1,1,1,1,1,20260903,20260930
762192,1,1,1,1,1,1,1,20260903,20260930
762193,1,1,1,1,1,1,1,20260903,20260930
762194,1,1,1,1,1,1,1,20260903,20260930
762213,1,1,1,1,1,1,1,20260903,20260930
762214,1,1,1,1,1,1,1,20260903,20260930
762215,1,1,1,1,1,1,1,20260903,20260930
762216,1,1,1,1,1,1,1,20260903,20260930
762217,1,1,1,1,1,1,1,20260903,20260930
762219,1,1,1,1,1,1,1,20260903,20260930
762220,1,1,1,1,1,1,1,20260903,20260930
762221,1,1,1,1,1,1,1,20260903,20260930
761967,1,1,1,1,1,1,1,20260903,20260930
761968,1,1,1,1,1,1,1,20260903,20260930
761969,1,1,1,1,1,1,1,20260903,20260930
761970,1,1,1,1,1,1,1,20260903,20260930
762005,1,1,1,1,1,1,1,20260903,20260930
762006,1,1,1,1,1,1,1,20260903,20260930
762007,1,1,1,1,1,1,1,20260903,20260930
762008,1,1,1,1,1,1,1,20260903,20260930
762010,1,1,1,1,1,1,1,20260903,20260930
762011,1,1,1,1,1,1,1,20260903,20260930
762012,1,1,1,1,1,1,1,20260903,20260930
762013,1,1,1,1,1,1,1,20260903,20260930
762014,1,1,1,1,1,1,1,20260903,20260930
762015,1,1,1,1,1,1,1,20260903,20260930
762016,1,1,1,1,1,1,1,20260903,20260930
762017,1,1,1,1,1,1,1,20260903,20260930
764948,1,1,1,1,1,1,1,20260903,20260930
764949,1,1,1,1,1,1,1,20260903,20260930
764950,1,1,1,1,1,1,1,20260903,20260930
764951,1,1,1,1,1,1,1,20260903,20260930
764952,1,1,1,1,1,1,1,20260903,20260930
764953,1,1,1,1,1,1,1,20260903,20260930
764954,1,1,1,1,1,1,1,20260903,20260930
764955,1,1,1,1,1,1,1,20260903,20260930
764956,1,1,1,1,1,1,1,20260903,20260930
764957,1,1,1,1,1,1,1,20260903,20260930
764958,1,1,1,1,1,1,1,20260903,20260930
764959,1,1,1,1,1,1,1,20260903,20260930
764960,1,1,1,1,1,1,1,20260903,20260930
764961,1,1,1,1,1,1,1,20260903,20260930
764962,1,1,1,1,1,1,1,20260903,20260930
764963,1,1,1,1,1,1,1,20260903,20260930
764964,1,1,1,1,1,1,1,20260903,20260930
763806,1,1,1,1,1,1,1,20260903,20260930
763809,1,1,1,1,1,1,1,20260903,20260930
763810,1,1,1,1,1,1,1,20260903,20260930
763811,1,1,1,1,1,1,1,20260903,20260930
763812,1,1,1,1,1,1,1,20260903,20260930
763813,1,1,1,1,1,1,1,20260903,20260930
763814,1,1,1,1,1,1,1,20260903,20260930
763815,1,1,1,1,1,1,1,20260903,20260930
763816,1,1,1,1,1,1,1,20260903,20260930
763817,1,1,1,1,1,1,1,20260903,20260930
763818,1,1,1,1,1,1,1,20260903,20260930
763819,1,1,1,1,1,1,1,20260903,20260930
763820,1,1,1,1,1,1,1,20260903,20260930
763821,1,1,1,1,1,1,1,20260903,20260930
762224,1,1,1,1,1,1,1,20260903,20260930
762225,1,1,1,1,1,1,1,20260903,20260930
762226,1,1,1,1,1,1,1,20260903,20260930
762227,1,1,1,1,1,1,1,20260903,20260930
762228,1,1,1,1,1,1,1,20260903,20260930
762229,1,1,1,1,1,1,1,20260903,20260930
762230,1,1,1,1,1,1,1,20260903,20260930
762231,1,1,1,1,1,1,1,20260903,20260930
762232,1,1,1,1,1,1,1,20260903,20260930
762233,1,1,1,1,1,1,1,20260903,20260930
762234,1,1,1,1,1,1,1,20260903,20260930
762235,1,1,1,1,1,1,1,20260903,20260930
762236,1,1,1,1,1,1,1,20260903,20260930
762238,1,1,1,1,1,1,1,20260903,20260930
762239,1,1,1,1,1,1,1,20260903,20260930
762240,1,1,1,1,1,1,1,20260903,20260930
762241,1,1,1,1,1,1,1,20260903,20260930
762242,1,1,1,1,1,1,1,20260903,20260930
762018,1,1,1,1,1,1,1,20260903,20260930
762019,1,1,1,1,1,1,1,20260903,20260930
762020,1,1,1,1,1,1,1,20260903,20260930
762069,1,1,1,1,1,1,1,20260903,20260930
762070,1,1,1,1,1,1,1,20260903,20260930
762071,1,1,1,1,1,1,1,20260903,20260930
762072,1,1,1,1,1,1,1,20260903,20260930
762073,1,1,1,1,1,1,1,20260903,20260930
762074,1,1,1,1,1,1,1,20260903,20260930
762075,1,1,1,1,1,1,1,20260903,20260930
762076,1,1,1,1,1,1,1,20260903,20260930
762077,1,1,1,1,1,1,1,20260903,20260930
762078,1,1,1,1,1,1,1,20260903,20260930
762079,1,1,1,1,1,1,1,20260903,20260930
762081,1,1,1,1,1,1,1,20260903,20260930
762082,1,1,1,1,1,1,1,20260903,20260930
762083,1,1,1,1,1,1,1,20260903,20260930
764965,1,1,1,1,1,1,1,20260903,20260930
764966,1,1,1,1,1,1,1,20260903,20260930
764967,1,1,1,1,1,1,1,20260903,20260930
764968,1,1,1,1,1,1,1,20260903,20260930
764969,1,1,1,1,1,1,1,20260903,20260930
764970,1,1,1,1,1,1,1,20260903,20260930
764971,1,1,1,1,1,1,1,20260903,20260930
764972,1,1,1,1,1,1,1,20260903,20260930
764973,1,1,1,1,1,1,1,20260903,20260930
764974,1,1,1,1,1,1,1,20260903,20260930
764975,1,1,1,1,1,1,1,20260903,20260930
764976,1,1,1,1,1,1,1,20260903,20260930
764977,1,1,1,1,1,1,1,20260903,20260930
764978,1,1,1,1,1,1,1,20260903,20260930
764979,1,1,1,1,1,1,1,20260903,20260930
764980,1,1,1,1,1,1,1,20260903,20260930
762084,1,1,1,1,1,1,1,20260903,20260930
762085,1,1,1,1,1,1,1,20260903,20260930
762086,1,1,1,1,1,1,1,20260903,20260930
762104,1,1,1,1,1,1,1,20260903,20260930
762105,1,1,1,1,1,1,1,20260903,20260930
762106,1,1,1,1,1,1,1,20260903,20260930
762107,1,1,1,1,1,1,1,20260903,20260930
762108,1,1,1,1,1,1,1,20260903,20260930
762109,1,1,1,1,1,1,1,20260903,20260930
762110,1,1,1,1,1,1,1,20260903,20260930
762111,1,1,1,1,1,1,1,20260903,20260930
762112,1,1,1,1,1,1,1,20260903,20260930
762113,1,1,1,1,1,1,1,20260903,20260930
762114,1,1,1,1,1,1,1,20260903,20260930
762115,1,1,1,1,1,1,1,20260903,20260930
762116,1,1,1,1,1,1,1,20260903,20260930
762117,1,1,1,1,1,1,1,20260903,20260930
762118,1,1,1,1,1,1,1,20260903,20260930
762119,1,1,1,1,1,1,1,20260903,20260930
764981,1,1,1,1,1,1,1,20260903,20260930
764982,1,1,1,1,1,1,1,20260903,20260930
764983,1,1,1,1,1,1,1,20260903,20260930
764984,1,1,1,1,1,1,1,20260903,20260930
764985,1,1,1,1,1,1,1,20260903,20260930
764986,1,1,1,1,1,1,1,20260903,20260930
764987,1,1,1,1,1,1,1,20260903,20260930
764988,1,1,1,1,1,1,1,20260903,20260930
764989,1,1,1,1,1,1,1,20260903,20260930
764990,1,1,1,1,1,1,1,20260903,20260930
764991,1,1,1,1,1,1,1,20260903,20260930
764992,1,1,1,1,1,1,1,20260903,20260930
764993,1,1,1,1,1,1,1,20260903,20260930
764994,1,1,1,1,1,1,1,20260903,20260930
764995,1,1,1,1,1,1,1,20260903,20260930
764996,1,1,1,1,1,1,1,20260903,20260930
764997,1,1,1,1,1,1,1,20260903,20260930
763822,1,1,1,1,1,1,1,20260903,20260930
763823,1,1,1,1,1,1,1,20260903,20260930
763824,1,1,1,1,1,1,1,20260903,20260930
763825,1,1,1,1,1,1,1,20260903,20260930
763826,1,1,1,1,1,1,1,20260903,20260930
763827,1,1,1,1,1,1,1,20260903,20260930
763828,1,1,1,1,1,1,1,20260903,20260930
763829,1,1,1,1,1,1,1,20260903,20260930
763830,1,1,1,1,1,1,1,20260903,20260930
763832,1,1,1,1,1,1,1,20260903,20260930
763835,1,1,1,1,1,1,1,20260903,20260930
763836,1,1,1,1,1,1,1,20260903,20260930
762120,1,1,1,1,1,1,1,20260903,20260930
762121,1,1,1,1,1,1,1,20260903,20260930
762122,1,1,1,1,1,1,1,20260903,20260930
762158,1,1,1,1,1,1,1,20260903,20260930
762160,1,1,1,1,1,1,1,20260903,20260930
762161,1,1,1,1,1,1,1,20260903,20260930
762162,1,1,1,1,1,1,1,20260903,20260930
762163,1,1,1,1,1,1,1,20260903,20260930
762164,1,1,1,1,1,1,1,20260903,20260930
762165,1,1,1,1,1,1,1,20260903,20260930
762166,1,1,1,1,1,1,1,20260903,20260930
762167,1,1,1,1,1,1,1,20260903,20260930
762168,1,1,1,1,1,1,1,20260903,20260930
762169,1,1,1,1,1,1,1,20260903,20260930
762170,1,1,1,1,1,1,1,20260903,20260930
762171,1,1,1,1,1,1,1,20260903,20260930
762172,1,1,1,1,1,1,1,20260903,20260930
764998,1,1,1,1,1,1,1,20260903,20260930
764999,1,1,1,1,1,1,1,20260903,20260930
765000,1,1,1,1,1,1,1,20260903,20260930
765001,1,1,1,1,1,1,1,20260903,20260930
765004,1,1,1,1,1,1,1,20260903,20260930
765005,1,1,1,1,1,1,1,20260903,20260930
765006,1,1,1,1,1,1,1,20260903,20260930
765007,1,1,1,1,1,1,1,20260903,20260930
765008,1,1,1,1,1,1,1,20260903,20260930
765009,1,1,1,1,1,1,1,20260903,20260930
765010,1,1,1,1,1,1,1,20260903,20260930
765011,1,1,1,1,1,1,1,20260903,20260930
765012,1,1,1,1,1,1,1,20260903,20260930
762243,1,1,1,1,1,1,1,20260903,20260930
762244,1,1,1,1,1,1,1,20260903,20260930
762245,1,1,1,1,1,1,1,20260903,20260930
762264,1,1,1,1,1,1,1,20260903,20260930
762265,1,1,1,1,1,1,1,20260903,20260930
762266,1,1,1,1,1,1,1,20260903,20260930
762267,1,1,1,1,1,1,1,20260903,20260930
762269,1,1,1,1,1,1,1,20260903,20260930
762270,1,1,1,1,1,1,1,20260903,20260930
762271,1,1,1,1,1,1,1,20260903,20260930
762272,1,1,1,1,1,1,1,20260903,20260930
762273,1,1,1,1,1,1,1,20260903,20260930
762274,1,1,1,1,1,1,1,20260903,20260930
762275,1,1,1,1,1,1,1,20260903,20260930
762276,1,1,1,1,1,1,1,20260903,20260930
762277,1,1,1,1,1,1,1,20260903,20260930
762278,1,1,1,1,1,1,1,20260903,20260930
765013,1,1,1,1,1,1,1,20260903,20260930
765014,1,1,1,1,1,1,1,20260903,20260930
765015,1,1,1,1,1,1,1,20260903,20260930
765016,1,1,1,1,1,1,1,20260903,20260930
765017,1,1,1,1,1,1,1,20260903,20260930
765018,1,1,1,1,1,1,1,20260903,20260930
765019,1,1,1,1,1,1,1,20260903,20260930
765020,1,1,1,1,1,1,1,20260903,20260930
765021,1,1,1,1,1,1,1,20260903,20260930
765022,1,1,1,1,1,1,1,20260903,20260930
765023,1,1,1,1,1,1,1,20260903,20260930
765024,1,1,1,1,1,1,1,20260903,20260930
765025,1,1,1,1,1,1,1,20260903,20260930
765026,1,1,1,1,1,1,1,20260903,20260930
765027,1,1,1,1,1,1,1,20260903,20260930
765028,1,1,1,1,1,1,1,20260903,20260930
765029,1,1,1,1,1,1,1,20260903,20260930
763837,1,1,1,1,1,1,1,20260903,20260930
763838,1,1,1,1,1,1,1,20260903,20260930
763839,1,1,1,1,1,1,1,20260903,20260930
763840,1,1,1,1,1,1,1,20260903,20260930
763841,1,1,1,1,1,1,1,20260903,20260930
763842,1,1,1,1,1,1,1,20260903,20260930
763843,1,1,1,1,1,1,1,20260903,20260930
763844,1,1,1,1,1,1,1,20260903,20260930
763845,1,1,1,1,1,1,1,20260903,20260930
763846,1,1,1,1,1,1,1,20260903,20260930
763847,1,1,1,1,1,1,1,20260903,20260930
763848,1,1,1,1,1,1,1,20260903,20260930
763849,1,1,1,1,1,1,1,20260903,20260930
763850,1,1,1,1,1,1,1,20260903,20260930
763851,1,1,1,1,1,1,1,20260903,20260930
763852,1,1,1,1,1,1,1,20260903,20260930
763853,1,1,1,1,1,1,1,20260903,20260930
762173,1,1,1,1,1,1,1,20260903,20260930
762174,1,1,1,1,1,1,1,20260903,20260930
762175,1,1,1,1,1,1,1,20260903,20260930
762195,1,1,1,1,1,1,1,20260903,20260930
762196,1,1,1,1,1,1,1,20260903,20260930
762197,1,1,1,1,1,1,1,20260903,20260930
762198,1,1,1,1,1,1,1,20260903,20260930
762199,1,1,1,1,1,1,1,20260903,20260930
762200,1,1,1,1,1,1,1,20260903,20260930
762201,1,1,1,1,1,1,1,20260903,20260930
762202,1,1,1,1,1,1,1,20260903,20260930
762203,1,1,1,1,1,1,1,20260903,20260930
762206,1,1,1,1,1,1,1,20260903,20260930
762207,1,1,1,1,1,1,1,20260903,20260930
762208,1,1,1,1,1,1,1,20260903,20260930
762209,1,1,1,1,1,1,1,20260903,20260930
765030,1,1,1,1,1,1,1,20260903,20260930
765031,1,1,1,1,1,1,1,20260903,20260930
765034,1,1,1,1,1,1,1,20260903,20260930
765035,1,1,1,1,1,1,1,20260903,20260930
765036,1,1,1,1,1,1,1,20260903,20260930
765037,1,1,1,1,1,1,1,20260903,20260930
765038,1,1,1,1,1,1,1,20260903,20260930
765039,1,1,1,1,1,1,1,20260903,20260930
765040,1,1,1,1,1,1,1,20260903,20260930
765041,1,1,1,1,1,1,1,20260903,20260930
765042,1,1,1,1,1,1,1,20260903,20260930
765043,1,1,1,1,1,1,1,20260903,20260930
765044,1,1,1,1,1,1,1,20260903,20260930
765045,1,1,1,1,1,1,1,20260903,20260930
762210,1,1,1,1,1,1,1,20260903,20260930
762211,1,1,1,1,1,1,1,20260903,20260930
762212,1,1,1,1,1,1,1,20260903,20260930
762247,1,1,1,1,1,1,1,20260903,20260930
762248,1,1,1,1,1,1,1,20260903,20260930
762249,1,1,1,1,1,1,1,20260903,20260930
762250,1,1,1,1,1,1,1,20260903,20260930
762251,1,1,1,1,1,1,1,20260903,20260930
762252,1,1,1,1,1,1,1,20260903,20260930
762253,1,1,1,1,1,1,1,20260903,20260930
762254,1,1,1,1,1,1,1,20260903,20260930
762255,1,1,1,1,1,1,1,20260903,20260930
762256,1,1,1,1,1,1,1,20260903,20260930
762257,1,1,1,1,1,1,1,20260903,20260930
762258,1,1,1,1,1,1,1,20260903,20260930
762259,1,1,1,1,1,1,1,20260903,20260930
762260,1,1,1,1,1,1,1,20260903,20260930
762261,1,1,1,1,1,1,1,20260903,20260930
762262,1,1,1,1,1,1,1,20260903,20260930
765046,1,1,1,1,1,1,1,20260903,20260930
765047,1,1,1,1,1,1,1,20260903,20260930
765048,1,1,1,1,1,1,1,20260903,20260930
765049,1,1,1,1,1,1,1,20260903,20260930
765050,1,1,1,1,1,1,1,20260903,20260930
765051,1,1,1,1,1,1,1,20260903,20260930
765052,1,1,1,1,1,1,1,20260903,20260930
765053,1,1,1,1,1,1,1,20260903,20260930
765054,1,1,1,1,1,1,1,20260903,20260930
765055,1,1,1,1,1,1,1,20260903,20260930
765056,1,1,1,1,1,1,1,20260903,20260930
765057,1,1,1,1,1,1,1,20260903,20260930
765058,1,1,1,1,1,1,1,20260903,20260930
765059,1,1,1,1,1,1,1,20260903,20260930
762301,1,1,1,1,1,1,1,20260903,20260930
762302,1,1,1,1,1,1,1,20260903,20260930
762303,1,1,1,1,1,1,1,20260903,20260930
762304,1,1,1,1,1,1,1,20260903,20260930
762305,1,1,1,1,1,1,1,20260903,20260930
762306,1,1,1,1,1,1,1,20260903,20260930
762307,1,1,1,1,1,1,1,20260903,20260930
762308,1,1,1,1,1,1,1,20260903,20260930
762309,1,1,1,1,1,1,1,20260903,20260930
762310,1,1,1,1,1,1,1,20260903,20260930
762311,1,1,1,1,1,1,1,20260903,20260930
762312,1,1,1,1,1,1,1,20260903,20260930
762314,1,1,1,1,1,1,1,20260903,20260930
762315,1,1,1,1,1,1,1,20260903,20260930
763854,1,1,1,1,1,1,1,20260903,20260930
763855,1,1,1,1,1,1,1,20260903,20260930
763856,1,1,1,1,1,1,1,20260903,20260930
763857,1,1,1,1,1,1,1,20260903,20260930
763858,1,1,1,1,1,1,1,20260903,20260930
763859,1,1,1,1,1,1,1,20260903,20260930
763860,1,1,1,1,1,1,1,20260903,20260930
763861,1,1,1,1,1,1,1,20260903,20260930
763862,1,1,1,1,1,1,1,20260903,20260930
763865,1,1,1,1,1,1,1,20260903,20260930
763866,1,1,1,1,1,1,1,20260903,20260930
763867,1,1,1,1,1,1,1,20260903,20260930
763868,1,1,1,1,1,1,1,20260903,20260930
763869,1,1,1,1,1,1,1,20260903,20260930
765062,1,1,1,1,1,1,1,20260903,20260930
765063,1,1,1,1,1,1,1,20260903,20260930
765064,1,1,1,1,1,1,1,20260903,20260930
765065,1,1,1,1,1,1,1,20260903,20260930
765066,1,1,1,1,1,1,1,20260903,20260930
765067,1,1,1,1,1,1,1,20260903,20260930
765068,1,1,1,1,1,1,1,20260903,20260930
765069,1,1,1,1,1,1,1,20260903,20260930
765070,1,1,1,1,1,1,1,20260903,20260930
765071,1,1,1,1,1,1,1,20260903,20260930
765072,1,1,1,1,1,1,1,20260903,20260930
765073,1,1,1,1,1,1,1,20260903,20260930
765074,1,1,1,1,1,1,1,20260903,20260930
765075,1,1,1,1,1,1,1,20260903,20260930
765076,1,1,1,1,1,1,1,20260903,20260930
762316,1,1,1,1,1,1,1,20260903,20260930
762317,1,1,1,1,1,1,1,20260903,20260930
762338,1,1,1,1,1,1,1,20260903,20260930
762339,1,1,1,1,1,1,1,20260903,20260930
762340,1,1,1,1,1,1,1,20260903,20260930
762341,1,1,1,1,1,1,1,20260903,20260930
762342,1,1,1,1,1,1,1,20260903,20260930
762343,1,1,1,1,1,1,1,20260903,20260930
762344,1,1,1,1,1,1,1,20260903,20260930
762345,1,1,1,1,1,1,1,20260903,20260930
762347,1,1,1,1,1,1,1,20260903,20260930
762348,1,1,1,1,1,1,1,20260903,20260930
762349,1,1,1,1,1,1,1,20260903,20260930
762350,1,1,1,1,1,1,1,20260903,20260930
765077,1,1,1,1,1,1,1,20260903,20260930
765078,1,1,1,1,1,1,1,20260903,20260930
765079,1,1,1,1,1,1,1,20260903,20260930
765080,1,1,1,1,1,1,1,20260903,20260930
765081,1,1,1,1,1,1,1,20260903,20260930
765082,1,1,1,1,1,1,1,20260903,20260930
765083,1,1,1,1,1,1,1,20260903,20260930
765084,1,1,1,1,1,1,1,20260903,20260930
765085,1,1,1,1,1,1,1,20260903,20260930
765086,1,1,1,1,1,1,1,20260903,20260930
765087,1,1,1,1,1,1,1,20260903,20260930
765090,1,1,1,1,1,1,1,20260903,20260930
765091,1,1,1,1,1,1,1,20260903,20260930
765092,1,1,1,1,1,1,1,20260903,20260930
762981,1,1,1,1,1,1,1,20260903,20260930
762279,1,1,1,1,1,1,1,20260903,20260930
762280,1,1,1,1,1,1,1,20260903,20260930
762281,1,1,1,1,1,1,1,20260903,20260930
762282,1,1,1,1,1,1,1,20260903,20260930
762283,1,1,1,1,1,1,1,20260903,20260930
762284,1,1,1,1,1,1,1,20260903,20260930
762285,1,1,1,1,1,1,1,20260903,20260930
762286,1,1,1,1,1,1,1,20260903,20260930
762287,1,1,1,1,1,1,1,20260903,20260930
762288,1,1,1,1,1,1,1,20260903,20260930
762289,1,1,1,1,1,1,1,20260903,20260930
762290,1,1,1,1,1,1,1,20260903,20260930
762291,1,1,1,1,1,1,1,20260903,20260930
762292,1,1,1,1,1,1,1,20260903,20260930
762293,1,1,1,1,1,1,1,20260903,20260930
762296,1,1,1,1,1,1,1,20260903,20260930
765093,1,1,1,1,1,1,1,20260903,20260930
765094,1,1,1,1,1,1,1,20260903,20260930
765095,1,1,1,1,1,1,1,20260903,20260930
765096,1,1,1,1,1,1,1,20260903,20260930
765097,1,1,1,1,1,1,1,20260903,20260930
765098,1,1,1,1,1,1,1,20260903,20260930
765099,1,1,1,1,1,1,1,20260903,20260930
765100,1,1,1,1,1,1,1,20260903,20260930
765101,1,1,1,1,1,1,1,20260903,20260930
765102,1,1,1,1,1,1,1,20260903,20260930
765103,1,1,1,1,1,1,1,20260903,20260930
765104,1,1,1,1,1,1,1,20260903,20260930
765105,1,1,1,1,1,1,1,20260903,20260930
765106,1,1,1,1,1,1,1,20260903,20260930
765107,1,1,1,1,1,1,1,20260903,20260930
765108,1,1,1,1,1,1,1,20260903,20260930
763870,1,1,1,1,1,1,1,20260903,20260930
763871,1,1,1,1,1,1,1,20260903,20260930
763872,1,1,1,1,1,1,1,20260903,20260930
763873,1,1,1,1,1,1,1,20260903,20260930
763874,1,1,1,1,1,1,1,20260903,20260930
763875,1,1,1,1,1,1,1,20260903,20260930
763876,1,1,1,1,1,1,1,20260903,20260930
763877,1,1,1,1,1,1,1,20260903,20260930
763879,1,1,1,1,1,1,1,20260903,20260930
763880,1,1,1,1,1,1,1,20260903,20260930
763881,1,1,1,1,1,1,1,20260903,20260930
763882,1,1,1,1,1,1,1,20260903,20260930
763884,1,1,1,1,1,1,1,20260903,20260930
763885,1,1,1,1,1,1,1,20260903,20260930
763886,1,1,1,1,1,1,1,20260903,20260930
762352,1,1,1,1,1,1,1,20260903,20260930
762353,1,1,1,1,1,1,1,20260903,20260930
762391,1,1,1,1,1,1,1,20260903,20260930
762392,1,1,1,1,1,1,1,20260903,20260930
762393,1,1,1,1,1,1,1,20260903,20260930
762394,1,1,1,1,1,1,1,20260903,20260930
762395,1,1,1,1,1,1,1,20260903,20260930
762397,1,1,1,1,1,1,1,20260903,20260930
762398,1,1,1,1,1,1,1,20260903,20260930
762399,1,1,1,1,1,1,1,20260903,20260930
762400,1,1,1,1,1,1,1,20260903,20260930
762401,1,1,1,1,1,1,1,20260903,20260930
762402,1,1,1,1,1,1,1,20260903,20260930
762403,1,1,1,1,1,1,1,20260903,20260930
762404,1,1,1,1,1,1,1,20260903,20260930
762405,1,1,1,1,1,1,1,20260903,20260930
762297,1,1,1,1,1,1,1,20260903,20260930
762298,1,1,1,1,1,1,1,20260903,20260930
762299,1,1,1,1,1,1,1,20260903,20260930
762984,1,1,1,1,1,1,1,20260903,20260930
765109,1,1,1,1,1,1,1,20260903,20260930
765110,1,1,1,1,1,1,1,20260903,20260930
765111,1,1,1,1,1,1,1,20260903,20260930
765112,1,1,1,1,1,1,1,20260903,20260930
765113,1,1,1,1,1,1,1,20260903,20260930
765114,1,1,1,1,1,1,1,20260903,20260930
765115,1,1,1,1,1,1,1,20260903,20260930
765116,1,1,1,1,1,1,1,20260903,20260930
765117,1,1,1,1,1,1,1,20260903,20260930
765118,1,1,1,1,1,1,1,20260903,20260930
765119,1,1,1,1,1,1,1,20260903,20260930
765120,1,1,1,1,1,1,1,20260903,20260930
765121,1,1,1,1,1,1,1,20260903,20260930
765122,1,1,1,1,1,1,1,20260903,20260930
765123,1,1,1,1,1,1,1,20260903,20260930
765124,1,1,1,1,1,1,1,20260903,20260930
762406,1,1,1,1,1,1,1,20260903,20260930
762407,1,1,1,1,1,1,1,20260903,20260930
762408,1,1,1,1,1,1,1,20260903,20260930
762409,1,1,1,1,1,1,1,20260903,20260930
762411,1,1,1,1,1,1,1,20260903,20260930
762413,1,1,1,1,1,1,1,20260903,20260930
762414,1,1,1,1,1,1,1,20260903,20260930
762415,1,1,1,1,1,1,1,20260903,20260930
762416,1,1,1,1,1,1,1,20260903,20260930
762417,1,1,1,1,1,1,1,20260903,20260930
762418,1,1,1,1,1,1,1,20260903,20260930
762419,1,1,1,1,1,1,1,20260903,20260930
762420,1,1,1,1,1,1,1,20260903,20260930
762421,1,1,1,1,1,1,1,20260903,20260930
762422,1,1,1,1,1,1,1,20260903,20260930
762423,1,1,1,1,1,1,1,20260903,20260930
765125,1,1,1,1,1,1,1,20260903,20260930
765126,1,1,1,1,1,1,1,20260903,20260930
765127,1,1,1,1,1,1,1,20260903,20260930
765128,1,1,1,1,1,1,1,20260903,20260930
765129,1,1,1,1,1,1,1,20260903,20260930
765130,1,1,1,1,1,1,1,20260903,20260930
765131,1,1,1,1,1,1,1,20260903,20260930
765132,1,1,1,1,1,1,1,20260903,20260930
765133,1,1,1,1,1,1,1,20260903,20260930
765134,1,1,1,1,1,1,1,20260903,20260930
765135,1,1,1,1,1,1,1,20260903,20260930
765136,1,1,1,1,1,1,1,20260903,20260930
765137,1,1,1,1,1,1,1,20260903,20260930
765138,1,1,1,1,1,1,1,20260903,20260930
765139,1,1,1,1,1,1,1,20260903,20260930
765140,1,1,1,1,1,1,1,20260903,20260930
765141,1,1,1,1,1,1,1,20260903,20260930
762985,1,1,1,1,1,1,1,20260903,20260930
763171,1,1,1,1,1,1,1,20260903,20260930
765371,1,1,1,1,1,1,1,20260903,20260930
765372,1,1,1,1,1,1,1,20260903,20260930
765373,1,1,1,1,1,1,1,20260903,20260930
763888,1,1,1,1,1,1,1,20260903,20260930
763889,1,1,1,1,1,1,1,20260903,20260930
763892,1,1,1,1,1,1,1,20260903,20260930
763893,1,1,1,1,1,1,1,20260903,20260930
763894,1,1,1,1,1,1,1,20260903,20260930
763895,1,1,1,1,1,1,1,20260903,20260930
763896,1,1,1,1,1,1,1,20260903,20260930
763897,1,1,1,1,1,1,1,20260903,20260930
763898,1,1,1,1,1,1,1,20260903,20260930
763899,1,1,1,1,1,1,1,20260903,20260930
763900,1,1,1,1,1,1,1,20260903,20260930
763901,1,1,1,1,1,1,1,20260903,20260930
763902,1,1,1,1,1,1,1,20260903,20260930
762424,1,1,1,1,1,1,1,20260903,20260930
762425,1,1,1,1,1,1,1,20260903,20260930
762426,1,1,1,1,1,1,1,20260903,20260930
762446,1,1,1,1,1,1,1,20260903,20260930
762447,1,1,1,1,1,1,1,20260903,20260930
762448,1,1,1,1,1,1,1,20260903,20260930
762449,1,1,1,1,1,1,1,20260903,20260930
762450,1,1,1,1,1,1,1,20260903,20260930
762451,1,1,1,1,1,1,1,20260903,20260930
762452,1,1,1,1,1,1,1,20260903,20260930
762453,1,1,1,1,1,1,1,20260903,20260930
762455,1,1,1,1,1,1,1,20260903,20260930
762456,1,1,1,1,1,1,1,20260903,20260930
762457,1,1,1,1,1,1,1,20260903,20260930
762458,1,1,1,1,1,1,1,20260903,20260930
762459,1,1,1,1,1,1,1,20260903,20260930
762460,1,1,1,1,1,1,1,20260903,20260930
765142,1,1,1,1,1,1,1,20260903,20260930
765144,1,1,1,1,1,1,1,20260903,20260930
765145,1,1,1,1,1,1,1,20260903,20260930
765146,1,1,1,1,1,1,1,20260903,20260930
765147,1,1,1,1,1,1,1,20260903,20260930
765148,1,1,1,1,1,1,1,20260903,20260930
765149,1,1,1,1,1,1,1,20260903,20260930
765150,1,1,1,1,1,1,1,20260903,20260930
765151,1,1,1,1,1,1,1,20260903,20260930
765152,1,1,1,1,1,1,1,20260903,20260930
765153,1,1,1,1,1,1,1,20260903,20260930
765154,1,1,1,1,1,1,1,20260903,20260930
765155,1,1,1,1,1,1,1,20260903,20260930
765156,1,1,1,1,1,1,1,20260903,20260930
765157,1,1,1,1,1,1,1,20260903,20260930
765374,1,1,1,1,1,1,1,20260903,20260930
762987,1,1,1,1,1,1,1,20260903,20260930
762988,1,1,1,1,1,1,1,20260903,20260930
762989,1,1,1,1,1,1,1,20260903,20260930
762990,1,1,1,1,1,1,1,20260903,20260930
762991,1,1,1,1,1,1,1,20260903,20260930
762992,1,1,1,1,1,1,1,20260903,20260930
762993,1,1,1,1,1,1,1,20260903,20260930
762994,1,1,1,1,1,1,1,20260903,20260930
762995,1,1,1,1,1,1,1,20260903,20260930
762996,1,1,1,1,1,1,1,20260903,20260930
762997,1,1,1,1,1,1,1,20260903,20260930
762998,1,1,1,1,1,1,1,20260903,20260930
762999,1,1,1,1,1,1,1,20260903,20260930
762463,1,1,1,1,1,1,1,20260903,20260930
762480,1,1,1,1,1,1,1,20260903,20260930
762481,1,1,1,1,1,1,1,20260903,20260930
762482,1,1,1,1,1,1,1,20260903,20260930
762483,1,1,1,1,1,1,1,20260903,20260930
762484,1,1,1,1,1,1,1,20260903,20260930
762485,1,1,1,1,1,1,1,20260903,20260930
762486,1,1,1,1,1,1,1,20260903,20260930
762487,1,1,1,1,1,1,1,20260903,20260930
762488,1,1,1,1,1,1,1,20260903,20260930
762489,1,1,1,1,1,1,1,20260903,20260930
762490,1,1,1,1,1,1,1,20260903,20260930
762491,1,1,1,1,1,1,1,20260903,20260930
762492,1,1,1,1,1,1,1,20260903,20260930
762493,1,1,1,1,1,1,1,20260903,20260930
762494,1,1,1,1,1,1,1,20260903,20260930
762495,1,1,1,1,1,1,1,20260903,20260930
765158,1,1,1,1,1,1,1,20260903,20260930
765159,1,1,1,1,1,1,1,20260903,20260930
765160,1,1,1,1,1,1,1,20260903,20260930
765161,1,1,1,1,1,1,1,20260903,20260930
765162,1,1,1,1,1,1,1,20260903,20260930
765163,1,1,1,1,1,1,1,20260903,20260930
765164,1,1,1,1,1,1,1,20260903,20260930
765165,1,1,1,1,1,1,1,20260903,20260930
765166,1,1,1,1,1,1,1,20260903,20260930
765167,1,1,1,1,1,1,1,20260903,20260930
765168,1,1,1,1,1,1,1,20260903,20260930
765169,1,1,1,1,1,1,1,20260903,20260930
765170,1,1,1,1,1,1,1,20260903,20260930
765171,1,1,1,1,1,1,1,20260903,20260930
765172,1,1,1,1,1,1,1,20260903,20260930
765173,1,1,1,1,1,1,1,20260903,20260930
765174,1,1,1,1,1,1,1,20260903,20260930
763903,1,1,1,1,1,1,1,20260903,20260930
763904,1,1,1,1,1,1,1,20260903,20260930
763905,1,1,1,1,1,1,1,20260903,20260930
763906,1,1,1,1,1,1,1,20260903,20260930
763907,1,1,1,1,1,1,1,20260903,20260930
763908,1,1,1,1,1,1,1,20260903,20260930
763909,1,1,1,1,1,1,1,20260903,20260930
763910,1,1,1,1,1,1,1,20260903,20260930
763911,1,1,1,1,1,1,1,20260903,20260930
763912,1,1,1,1,1,1,1,20260903,20260930
763913,1,1,1,1,1,1,1,20260903,20260930
763914,1,1,1,1,1,1,1,20260903,20260930
763915,1,1,1,1,1,1,1,20260903,20260930
763916,1,1,1,1,1,1,1,20260903,20260930
763917,1,1,1,1,1,1,1,20260903,20260930
763918,1,1,1,1,1,1,1,20260903,20260930
763919,1,1,1,1,1,1,1,20260903,20260930
763000,1,1,1,1,1,1,1,20260903,20260930
763001,1,1,1,1,1,1,1,20260903,20260930
763002,1,1,1,1,1,1,1,20260903,20260930
763003,1,1,1,1,1,1,1,20260903,20260930
763004,1,1,1,1,1,1,1,20260903,20260930
763005,1,1,1,1,1,1,1,20260903,20260930
763006,1,1,1,1,1,1,1,20260903,20260930
763007,1,1,1,1,1,1,1,20260903,20260930
763008,1,1,1,1,1,1,1,20260903,20260930
763009,1,1,1,1,1,1,1,20260903,20260930
763010,1,1,1,1,1,1,1,20260903,20260930
763013,1,1,1,1,1,1,1,20260903,20260930
763014,1,1,1,1,1,1,1,20260903,20260930
763015,1,1,1,1,1,1,1,20260903,20260930
762496,1,1,1,1,1,1,1,20260903,20260930
762497,1,1,1,1,1,1,1,20260903,20260930
762518,1,1,1,1,1,1,1,20260903,20260930
762519,1,1,1,1,1,1,1,20260903,20260930
762520,1,1,1,1,1,1,1,20260903,20260930
762521,1,1,1,1,1,1,1,20260903,20260930
762522,1,1,1,1,1,1,1,20260903,20260930
762523,1,1,1,1,1,1,1,20260903,20260930
762524,1,1,1,1,1,1,1,20260903,20260930
762525,1,1,1,1,1,1,1,20260903,20260930
762526,1,1,1,1,1,1,1,20260903,20260930
762527,1,1,1,1,1,1,1,20260903,20260930
762528,1,1,1,1,1,1,1,20260903,20260930
762529,1,1,1,1,1,1,1,20260903,20260930
762530,1,1,1,1,1,1,1,20260903,20260930
762531,1,1,1,1,1,1,1,20260903,20260930
762532,1,1,1,1,1,1,1,20260903,20260930
765177,1,1,1,1,1,1,1,20260903,20260930
765178,1,1,1,1,1,1,1,20260903,20260930
765179,1,1,1,1,1,1,1,20260903,20260930
765180,1,1,1,1,1,1,1,20260903,20260930
765181,1,1,1,1,1,1,1,20260903,20260930
765182,1,1,1,1,1,1,1,20260903,20260930
765183,1,1,1,1,1,1,1,20260903,20260930
765184,1,1,1,1,1,1,1,20260903,20260930
765185,1,1,1,1,1,1,1,20260903,20260930
765186,1,1,1,1,1,1,1,20260903,20260930
765187,1,1,1,1,1,1,1,20260903,20260930
765188,1,1,1,1,1,1,1,20260903,20260930
765189,1,1,1,1,1,1,1,20260903,20260930
765190,1,1,1,1,1,1,1,20260903,20260930
763016,1,1,1,1,1,1,1,20260903,20260930
763017,1,1,1,1,1,1,1,20260903,20260930
763018,1,1,1,1,1,1,1,20260903,20260930
763019,1,1,1,1,1,1,1,20260903,20260930
763020,1,1,1,1,1,1,1,20260903,20260930
763021,1,1,1,1,1,1,1,20260903,20260930
763022,1,1,1,1,1,1,1,20260903,20260930
763023,1,1,1,1,1,1,1,20260903,20260930
763024,1,1,1,1,1,1,1,20260903,20260930
763025,1,1,1,1,1,1,1,20260903,20260930
763026,1,1,1,1,1,1,1,20260903,20260930
763027,1,1,1,1,1,1,1,20260903,20260930
763028,1,1,1,1,1,1,1,20260903,20260930
763029,1,1,1,1,1,1,1,20260903,20260930
763030,1,1,1,1,1,1,1,20260903,20260930
763031,1,1,1,1,1,1,1,20260903,20260930
762533,1,1,1,1,1,1,1,20260903,20260930
762534,1,1,1,1,1,1,1,20260903,20260930
762535,1,1,1,1,1,1,1,20260903,20260930
762536,1,1,1,1,1,1,1,20260903,20260930
762537,1,1,1,1,1,1,1,20260903,20260930
762538,1,1,1,1,1,1,1,20260903,20260930
762539,1,1,1,1,1,1,1,20260903,20260930
762540,1,1,1,1,1,1,1,20260903,20260930
762541,1,1,1,1,1,1,1,20260903,20260930
762542,1,1,1,1,1,1,1,20260903,20260930
762544,1,1,1,1,1,1,1,20260903,20260930
762545,1,1,1,1,1,1,1,20260903,20260930
762546,1,1,1,1,1,1,1,20260903,20260930
762547,1,1,1,1,1,1,1,20260903,20260930
762548,1,1,1,1,1,1,1,20260903,20260930
762549,1,1,1,1,1,1,1,20260903,20260930
762550,1,1,1,1,1,1,1,20260903,20260930
763920,1,1,1,1,1,1,1,20260903,20260930
763923,1,1,1,1,1,1,1,20260903,20260930
763924,1,1,1,1,1,1,1,20260903,20260930
763925,1,1,1,1,1,1,1,20260903,20260930
763926,1,1,1,1,1,1,1,20260903,20260930
763927,1,1,1,1,1,1,1,20260903,20260930
763928,1,1,1,1,1,1,1,20260903,20260930
763929,1,1,1,1,1,1,1,20260903,20260930
763930,1,1,1,1,1,1,1,20260903,20260930
763931,1,1,1,1,1,1,1,20260903,20260930
763932,1,1,1,1,1,1,1,20260903,20260930
763933,1,1,1,1,1,1,1,20260903,20260930
763934,1,1,1,1,1,1,1,20260903,20260930
763935,1,1,1,1,1,1,1,20260903,20260930
765191,1,1,1,1,1,1,1,20260903,20260930
765192,1,1,1,1,1,1,1,20260903,20260930
765193,1,1,1,1,1,1,1,20260903,20260930
765194,1,1,1,1,1,1,1,20260903,20260930
765195,1,1,1,1,1,1,1,20260903,20260930
765196,1,1,1,1,1,1,1,20260903,20260930
765197,1,1,1,1,1,1,1,20260903,20260930
765198,1,1,1,1,1,1,1,20260903,20260930
765199,1,1,1,1,1,1,1,20260903,20260930
765200,1,1,1,1,1,1,1,20260903,20260930
765201,1,1,1,1,1,1,1,20260903,20260930
765202,1,1,1,1,1,1,1,20260903,20260930
765203,1,1,1,1,1,1,1,20260903,20260930
765204,1,1,1,1,1,1,1,20260903,20260930
763032,1,1,1,1,1,1,1,20260903,20260930
763033,1,1,1,1,1,1,1,20260903,20260930
763034,1,1,1,1,1,1,1,20260903,20260930
763035,1,1,1,1,1,1,1,20260903,20260930
763036,1,1,1,1,1,1,1,20260903,20260930
763037,1,1,1,1,1,1,1,20260903,20260930
763038,1,1,1,1,1,1,1,20260903,20260930
763039,1,1,1,1,1,1,1,20260903,20260930
763042,1,1,1,1,1,1,1,20260903,20260930
763043,1,1,1,1,1,1,1,20260903,20260930
763044,1,1,1,1,1,1,1,20260903,20260930
763045,1,1,1,1,1,1,1,20260903,20260930
763046,1,1,1,1,1,1,1,20260903,20260930
763047,1,1,1,1,1,1,1,20260903,20260930
763048,1,1,1,1,1,1,1,20260903,20260930
762551,1,1,1,1,1,1,1,20260903,20260930
762552,1,1,1,1,1,1,1,20260903,20260930
762553,1,1,1,1,1,1,1,20260903,20260930
762566,1,1,1,1,1,1,1,20260903,20260930
762567,1,1,1,1,1,1,1,20260903,20260930
762568,1,1,1,1,1,1,1,20260903,20260930
762569,1,1,1,1,1,1,1,20260903,20260930
762570,1,1,1,1,1,1,1,20260903,20260930
762571,1,1,1,1,1,1,1,20260903,20260930
762572,1,1,1,1,1,1,1,20260903,20260930
762573,1,1,1,1,1,1,1,20260903,20260930
762574,1,1,1,1,1,1,1,20260903,20260930
762575,1,1,1,1,1,1,1,20260903,20260930
762576,1,1,1,1,1,1,1,20260903,20260930
762577,1,1,1,1,1,1,1,20260903,20260930
762578,1,1,1,1,1,1,1,20260903,20260930
762579,1,1,1,1,1,1,1,20260903,20260930
762580,1,1,1,1,1,1,1,20260903,20260930
765207,1,1,1,1,1,1,1,20260903,20260930
765208,1,1,1,1,1,1,1,20260903,20260930
765209,1,1,1,1,1,1,1,20260903,20260930
765210,1,1,1,1,1,1,1,20260903,20260930
765211,1,1,1,1,1,1,1,20260903,20260930
765212,1,1,1,1,1,1,1,20260903,20260930
765213,1,1,1,1,1,1,1,20260903,20260930
765214,1,1,1,1,1,1,1,20260903,20260930
765215,1,1,1,1,1,1,1,20260903,20260930
765216,1,1,1,1,1,1,1,20260903,20260930
765217,1,1,1,1,1,1,1,20260903,20260930
765218,1,1,1,1,1,1,1,20260903,20260930
765219,1,1,1,1,1,1,1,20260903,20260930
765220,1,1,1,1,1,1,1,20260903,20260930
763936,1,1,1,1,1,1,1,20260903,20260930
763937,1,1,1,1,1,1,1,20260903,20260930
763938,1,1,1,1,1,1,1,20260903,20260930
763939,1,1,1,1,1,1,1,20260903,20260930
763940,1,1,1,1,1,1,1,20260903,20260930
763941,1,1,1,1,1,1,1,20260903,20260930
763942,1,1,1,1,1,1,1,20260903,20260930
763943,1,1,1,1,1,1,1,20260903,20260930
763944,1,1,1,1,1,1,1,20260903,20260930
763945,1,1,1,1,1,1,1,20260903,20260930
763946,1,1,1,1,1,1,1,20260903,20260930
763947,1,1,1,1,1,1,1,20260903,20260930
763948,1,1,1,1,1,1,1,20260903,20260930
763949,1,1,1,1,1,1,1,20260903,20260930
763049,1,1,1,1,1,1,1,20260903,20260930
763050,1,1,1,1,1,1,1,20260903,20260930
763051,1,1,1,1,1,1,1,20260903,20260930
763052,1,1,1,1,1,1,1,20260903,20260930
763053,1,1,1,1,1,1,1,20260903,20260930
763054,1,1,1,1,1,1,1,20260903,20260930
763055,1,1,1,1,1,1,1,20260903,20260930
763056,1,1,1,1,1,1,1,20260903,20260930
763057,1,1,1,1,1,1,1,20260903,20260930
763058,1,1,1,1,1,1,1,20260903,20260930
763059,1,1,1,1,1,1,1,20260903,20260930
763060,1,1,1,1,1,1,1,20260903,20260930
763061,1,1,1,1,1,1,1,20260903,20260930
763062,1,1,1,1,1,1,1,20260903,20260930
763063,1,1,1,1,1,1,1,20260903,20260930
763064,1,1,1,1,1,1,1,20260903,20260930
762583,1,1,1,1,1,1,1,20260903,20260930
762584,1,1,1,1,1,1,1,20260903,20260930
762585,1,1,1,1,1,1,1,20260903,20260930
762586,1,1,1,1,1,1,1,20260903,20260930
762587,1,1,1,1,1,1,1,20260903,20260930
762588,1,1,1,1,1,1,1,20260903,20260930
762589,1,1,1,1,1,1,1,20260903,20260930
762590,1,1,1,1,1,1,1,20260903,20260930
762591,1,1,1,1,1,1,1,20260903,20260930
762592,1,1,1,1,1,1,1,20260903,20260930
762593,1,1,1,1,1,1,1,20260903,20260930
762595,1,1,1,1,1,1,1,20260903,20260930
762596,1,1,1,1,1,1,1,20260903,20260930
765221,1,1,1,1,1,1,1,20260903,20260930
765222,1,1,1,1,1,1,1,20260903,20260930
765223,1,1,1,1,1,1,1,20260903,20260930
765224,1,1,1,1,1,1,1,20260903,20260930
765225,1,1,1,1,1,1,1,20260903,20260930
765226,1,1,1,1,1,1,1,20260903,20260930
765227,1,1,1,1,1,1,1,20260903,20260930
765228,1,1,1,1,1,1,1,20260903,20260930
765230,1,1,1,1,1,1,1,20260903,20260930
765231,1,1,1,1,1,1,1,20260903,20260930
765233,1,1,1,1,1,1,1,20260903,20260930
765234,1,1,1,1,1,1,1,20260903,20260930
765235,1,1,1,1,1,1,1,20260903,20260930
765236,1,1,1,1,1,1,1,20260903,20260930
762597,1,1,1,1,1,1,1,20260903,20260930
762598,1,1,1,1,1,1,1,20260903,20260930
762599,1,1,1,1,1,1,1,20260903,20260930
762601,1,1,1,1,1,1,1,20260903,20260930
762602,1,1,1,1,1,1,1,20260903,20260930
762603,1,1,1,1,1,1,1,20260903,20260930
762604,1,1,1,1,1,1,1,20260903,20260930
762605,1,1,1,1,1,1,1,20260903,20260930
762606,1,1,1,1,1,1,1,20260903,20260930
762608,1,1,1,1,1,1,1,20260903,20260930
762609,1,1,1,1,1,1,1,20260903,20260930
762610,1,1,1,1,1,1,1,20260903,20260930
762611,1,1,1,1,1,1,1,20260903,20260930
762612,1,1,1,1,1,1,1,20260903,20260930
762613,1,1,1,1,1,1,1,20260903,20260930
762614,1,1,1,1,1,1,1,20260903,20260930
762615,1,1,1,1,1,1,1,20260903,20260930
763065,1,1,1,1,1,1,1,20260903,20260930
763066,1,1,1,1,1,1,1,20260903,20260930
763067,1,1,1,1,1,1,1,20260903,20260930
763068,1,1,1,1,1,1,1,20260903,20260930
763069,1,1,1,1,1,1,1,20260903,20260930
763072,1,1,1,1,1,1,1,20260903,20260930
763073,1,1,1,1,1,1,1,20260903,20260930
763074,1,1,1,1,1,1,1,20260903,20260930
763075,1,1,1,1,1,1,1,20260903,20260930
763076,1,1,1,1,1,1,1,20260903,20260930
763077,1,1,1,1,1,1,1,20260903,20260930
763078,1,1,1,1,1,1,1,20260903,20260930
763079,1,1,1,1,1,1,1,20260903,20260930
763080,1,1,1,1,1,1,1,20260903,20260930
763951,1,1,1,1,1,1,1,20260903,20260930
763952,1,1,1,1,1,1,1,20260903,20260930
763953,1,1,1,1,1,1,1,20260903,20260930
763954,1,1,1,1,1,1,1,20260903,20260930
763955,1,1,1,1,1,1,1,20260903,20260930
763956,1,1,1,1,1,1,1,20260903,20260930
763957,1,1,1,1,1,1,1,20260903,20260930
763958,1,1,1,1,1,1,1,20260903,20260930
763959,1,1,1,1,1,1,1,20260903,20260930
763960,1,1,1,1,1,1,1,20260903,20260930
763961,1,1,1,1,1,1,1,20260903,20260930
763962,1,1,1,1,1,1,1,20260903,20260930
763963,1,1,1,1,1,1,1,20260903,20260930
763964,1,1,1,1,1,1,1,20260903,20260930
763965,1,1,1,1,1,1,1,20260903,20260930
763966,1,1,1,1,1,1,1,20260903,20260930
763967,1,1,1,1,1,1,1,20260903,20260930
762616,1,1,1,1,1,1,1,20260903,20260930
762617,1,1,1,1,1,1,1,20260903,20260930
762618,1,1,1,1,1,1,1,20260903,20260930
762619,1,1,1,1,1,1,1,20260903,20260930
762620,1,1,1,1,1,1,1,20260903,20260930
762621,1,1,1,1,1,1,1,20260903,20260930
762622,1,1,1,1,1,1,1,20260903,20260930
762623,1,1,1,1,1,1,1,20260903,20260930
762624,1,1,1,1,1,1,1,20260903,20260930
762625,1,1,1,1,1,1,1,20260903,20260930
762626,1,1,1,1,1,1,1,20260903,20260930
762627,1,1,1,1,1,1,1,20260903,20260930
762630,1,1,1,1,1,1,1,20260903,20260930
765238,1,1,1,1,1,1,1,20260903,20260930
765239,1,1,1,1,1,1,1,20260903,20260930
765240,1,1,1,1,1,1,1,20260903,20260930
765242,1,1,1,1,1,1,1,20260903,20260930
765243,1,1,1,1,1,1,1,20260903,20260930
765244,1,1,1,1,1,1,1,20260903,20260930
765245,1,1,1,1,1,1,1,20260903,20260930
765247,1,1,1,1,1,1,1,20260903,20260930
765248,1,1,1,1,1,1,1,20260903,20260930
765250,1,1,1,1,1,1,1,20260903,20260930
765251,1,1,1,1,1,1,1,20260903,20260930
765253,1,1,1,1,1,1,1,20260903,20260930
763081,1,1,1,1,1,1,1,20260903,20260930
763082,1,1,1,1,1,1,1,20260903,20260930
763083,1,1,1,1,1,1,1,20260903,20260930
763084,1,1,1,1,1,1,1,20260903,20260930
763085,1,1,1,1,1,1,1,20260903,20260930
763086,1,1,1,1,1,1,1,20260903,20260930
763087,1,1,1,1,1,1,1,20260903,20260930
763088,1,1,1,1,1,1,1,20260903,20260930
763089,1,1,1,1,1,1,1,20260903,20260930
763090,1,1,1,1,1,1,1,20260903,20260930
763091,1,1,1,1,1,1,1,20260903,20260930
763092,1,1,1,1,1,1,1,20260903,20260930
763093,1,1,1,1,1,1,1,20260903,20260930
763094,1,1,1,1,1,1,1,20260903,20260930
763095,1,1,1,1,1,1,1,20260903,20260930
763096,1,1,1,1,1,1,1,20260903,20260930
762631,1,1,1,1,1,1,1,20260903,20260930
762632,1,1,1,1,1,1,1,20260903,20260930
762633,1,1,1,1,1,1,1,20260903,20260930
762634,1,1,1,1,1,1,1,20260903,20260930
762636,1,1,1,1,1,1,1,20260903,20260930
762637,1,1,1,1,1,1,1,20260903,20260930
762638,1,1,1,1,1,1,1,20260903,20260930
762639,1,1,1,1,1,1,1,20260903,20260930
762640,1,1,1,1,1,1,1,20260903,20260930
762642,1,1,1,1,1,1,1,20260903,20260930
762643,1,1,1,1,1,1,1,20260903,20260930
762644,1,1,1,1,1,1,1,20260903,20260930
762645,1,1,1,1,1,1,1,20260903,20260930
762646,1,1,1,1,1,1,1,20260903,20260930
762647,1,1,1,1,1,1,1,20260903,20260930
765254,1,1,1,1,1,1,1,20260903,20260930
765256,1,1,1,1,1,1,1,20260903,20260930
765257,1,1,1,1,1,1,1,20260903,20260930
765258,1,1,1,1,1,1,1,20260903,20260930
765259,1,1,1,1,1,1,1,20260903,20260930
765262,1,1,1,1,1,1,1,20260903,20260930
765263,1,1,1,1,1,1,1,20260903,20260930
765264,1,1,1,1,1,1,1,20260903,20260930
765265,1,1,1,1,1,1,1,20260903,20260930
765267,1,1,1,1,1,1,1,20260903,20260930
765268,1,1,1,1,1,1,1,20260903,20260930
765269,1,1,1,1,1,1,1,20260903,20260930
763968,1,1,1,1,1,1,1,20260903,20260930
763969,1,1,1,1,1,1,1,20260903,20260930
763970,1,1,1,1,1,1,1,20260903,20260930
763971,1,1,1,1,1,1,1,20260903,20260930
763972,1,1,1,1,1,1,1,20260903,20260930
763973,1,1,1,1,1,1,1,20260903,20260930
763974,1,1,1,1,1,1,1,20260903,20260930
763975,1,1,1,1,1,1,1,20260903,20260930
763976,1,1,1,1,1,1,1,20260903,20260930
763977,1,1,1,1,1,1,1,20260903,20260930
763979,1,1,1,1,1,1,1,20260903,20260930
763980,1,1,1,1,1,1,1,20260903,20260930
763982,1,1,1,1,1,1,1,20260903,20260930
763983,1,1,1,1,1,1,1,20260903,20260930
763099,1,1,1,1,1,1,1,20260903,20260930
763100,1,1,1,1,1,1,1,20260903,20260930
763101,1,1,1,1,1,1,1,20260903,20260930
763102,1,1,1,1,1,1,1,20260903,20260930
763103,1,1,1,1,1,1,1,20260903,20260930
763104,1,1,1,1,1,1,1,20260903,20260930
763105,1,1,1,1,1,1,1,20260903,20260930
763106,1,1,1,1,1,1,1,20260903,20260930
763107,1,1,1,1,1,1,1,20260903,20260930
763108,1,1,1,1,1,1,1,20260903,20260930
763109,1,1,1,1,1,1,1,20260903,20260930
763110,1,1,1,1,1,1,1,20260903,20260930
763111,1,1,1,1,1,1,1,20260903,20260930
765270,1,1,1,1,1,1,1,20260903,20260930
765271,1,1,1,1,1,1,1,20260903,20260930
765272,1,1,1,1,1,1,1,20260903,20260930
765274,1,1,1,1,1,1,1,20260903,20260930
765275,1,1,1,1,1,1,1,20260903,20260930
765277,1,1,1,1,1,1,1,20260903,20260930
765278,1,1,1,1,1,1,1,20260903,20260930
765279,1,1,1,1,1,1,1,20260903,20260930
765280,1,1,1,1,1,1,1,20260903,20260930
765281,1,1,1,1,1,1,1,20260903,20260930
765282,1,1,1,1,1,1,1,20260903,20260930
765283,1,1,1,1,1,1,1,20260903,20260930
765284,1,1,1,1,1,1,1,20260903,20260930
765286,1,1,1,1,1,1,1,20260903,20260930
762648,1,1,1,1,1,1,1,20260903,20260930
762649,1,1,1,1,1,1,1,20260903,20260930
762650,1,1,1,1,1,1,1,20260903,20260930
762651,1,1,1,1,1,1,1,20260903,20260930
762652,1,1,1,1,1,1,1,20260903,20260930
762654,1,1,1,1,1,1,1,20260903,20260930
762655,1,1,1,1,1,1,1,20260903,20260930
762656,1,1,1,1,1,1,1,20260903,20260930
762658,1,1,1,1,1,1,1,20260903,20260930
762659,1,1,1,1,1,1,1,20260903,20260930
762660,1,1,1,1,1,1,1,20260903,20260930
762661,1,1,1,1,1,1,1,20260903,20260930
762662,1,1,1,1,1,1,1,20260903,20260930
762663,1,1,1,1,1,1,1,20260903,20260930
762664,1,1,1,1,1,1,1,20260903,20260930
763984,1,1,1,1,1,1,1,20260903,20260930
763985,1,1,1,1,1,1,1,20260903,20260930
763986,1,1,1,1,1,1,1,20260903,20260930
763987,1,1,1,1,1,1,1,20260903,20260930
763988,1,1,1,1,1,1,1,20260903,20260930
763989,1,1,1,1,1,1,1,20260903,20260930
763990,1,1,1,1,1,1,1,20260903,20260930
763991,1,1,1,1,1,1,1,20260903,20260930
763992,1,1,1,1,1,1,1,20260903,20260930
763993,1,1,1,1,1,1,1,20260903,20260930
763994,1,1,1,1,1,1,1,20260903,20260930
763995,1,1,1,1,1,1,1,20260903,20260930
763996,1,1,1,1,1,1,1,20260903,20260930
763997,1,1,1,1,1,1,1,20260903,20260930
763998,1,1,1,1,1,1,1,20260903,20260930
763999,1,1,1,1,1,1,1,20260903,20260930
763112,1,1,1,1,1,1,1,20260903,20260930
763113,1,1,1,1,1,1,1,20260903,20260930
763114,1,1,1,1,1,1,1,20260903,20260930
763115,1,1,1,1,1,1,1,20260903,20260930
763116,1,1,1,1,1,1,1,20260903,20260930
763117,1,1,1,1,1,1,1,20260903,20260930
763118,1,1,1,1,1,1,1,20260903,20260930
763119,1,1,1,1,1,1,1,20260903,20260930
763120,1,1,1,1,1,1,1,20260903,20260930
763121,1,1,1,1,1,1,1,20260903,20260930
763122,1,1,1,1,1,1,1,20260903,20260930
763125,1,1,1,1,1,1,1,20260903,20260930
763126,1,1,1,1,1,1,1,20260903,20260930
763127,1,1,1,1,1,1,1,20260903,20260930
765287,1,1,1,1,1,1,1,20260903,20260930
765290,1,1,1,1,1,1,1,20260903,20260930
765291,1,1,1,1,1,1,1,20260903,20260930
765292,1,1,1,1,1,1,1,20260903,20260930
765293,1,1,1,1,1,1,1,20260903,20260930
765296,1,1,1,1,1,1,1,20260903,20260930
765297,1,1,1,1,1,1,1,20260903,20260930
765298,1,1,1,1,1,1,1,20260903,20260930
765299,1,1,1,1,1,1,1,20260903,20260930
765300,1,1,1,1,1,1,1,20260903,20260930
765301,1,1,1,1,1,1,1,20260903,20260930
764000,1,1,1,1,1,1,1,20260903,20260930
764001,1,1,1,1,1,1,1,20260903,20260930
764002,1,1,1,1,1,1,1,20260903,20260930
764003,1,1,1,1,1,1,1,20260903,20260930
764005,1,1,1,1,1,1,1,20260903,20260930
764006,1,1,1,1,1,1,1,20260903,20260930
764008,1,1,1,1,1,1,1,20260903,20260930
764009,1,1,1,1,1,1,1,20260903,20260930
764010,1,1,1,1,1,1,1,20260903,20260930
764011,1,1,1,1,1,1,1,20260903,20260930
764012,1,1,1,1,1,1,1,20260903,20260930
764014,1,1,1,1,1,1,1,20260903,20260930
764015,1,1,1,1,1,1,1,20260903,20260930
764016,1,1,1,1,1,1,1,20260903,20260930
763128,1,1,1,1,1,1,1,20260903,20260930
763129,1,1,1,1,1,1,1,20260903,20260930
763130,1,1,1,1,1,1,1,20260903,20260930
763131,1,1,1,1,1,1,1,20260903,20260930
763132,1,1,1,1,1,1,1,20260903,20260930
763133,1,1,1,1,1,1,1,20260903,20260930
763134,1,1,1,1,1,1,1,20260903,20260930
763135,1,1,1,1,1,1,1,20260903,20260930
763136,1,1,1,1,1,1,1,20260903,20260930
763137,1,1,1,1,1,1,1,20260903,20260930
763138,1,1,1,1,1,1,1,20260903,20260930
763139,1,1,1,1,1,1,1,20260903,20260930
763140,1,1,1,1,1,1,1,20260903,20260930
763141,1,1,1,1,1,1,1,20260903,20260930
763142,1,1,1,1,1,1,1,20260903,20260930
763143,1,1,1,1,1,1,1,20260903,20260930
762666,1,1,1,1,1,1,1,20260903,20260930
762667,1,1,1,1,1,1,1,20260903,20260930
762668,1,1,1,1,1,1,1,20260903,20260930
762669,1,1,1,1,1,1,1,20260903,20260930
762670,1,1,1,1,1,1,1,20260903,20260930
762671,1,1,1,1,1,1,1,20260903,20260930
762674,1,1,1,1,1,1,1,20260903,20260930
762675,1,1,1,1,1,1,1,20260903,20260930
762676,1,1,1,1,1,1,1,20260903,20260930
762677,1,1,1,1,1,1,1,20260903,20260930
762679,1,1,1,1,1,1,1,20260903,20260930
762680,1,1,1,1,1,1,1,20260903,20260930
765303,1,1,1,1,1,1,1,20260903,20260930
765304,1,1,1,1,1,1,1,20260903,20260930
765305,1,1,1,1,1,1,1,20260903,20260930
765306,1,1,1,1,1,1,1,20260903,20260930
765309,1,1,1,1,1,1,1,20260903,20260930
765310,1,1,1,1,1,1,1,20260903,20260930
765312,1,1,1,1,1,1,1,20260903,20260930
765313,1,1,1,1,1,1,1,20260903,20260930
765314,1,1,1,1,1,1,1,20260903,20260930
765315,1,1,1,1,1,1,1,20260903,20260930
765316,1,1,1,1,1,1,1,20260903,20260930
765318,1,1,1,1,1,1,1,20260903,20260930
765319,1,1,1,1,1,1,1,20260903,20260930
764017,1,1,1,1,1,1,1,20260903,20260930
764018,1,1,1,1,1,1,1,20260903,20260930
764019,1,1,1,1,1,1,1,20260903,20260930
764020,1,1,1,1,1,1,1,20260903,20260930
764021,1,1,1,1,1,1,1,20260903,20260930
764022,1,1,1,1,1,1,1,20260903,20260930
764023,1,1,1,1,1,1,1,20260903,20260930
764025,1,1,1,1,1,1,1,20260903,20260930
764027,1,1,1,1,1,1,1,20260903,20260930
764029,1,1,1,1,1,1,1,20260903,20260930
764030,1,1,1,1,1,1,1,20260903,20260930
764031,1,1,1,1,1,1,1,20260903,20260930
763144,1,1,1,1,1,1,1,20260903,20260930
763145,1,1,1,1,1,1,1,20260903,20260930
763146,1,1,1,1,1,1,1,20260903,20260930
763147,1,1,1,1,1,1,1,20260903,20260930
763148,1,1,1,1,1,1,1,20260903,20260930
763149,1,1,1,1,1,1,1,20260903,20260930
763150,1,1,1,1,1,1,1,20260903,20260930
763151,1,1,1,1,1,1,1,20260903,20260930
763152,1,1,1,1,1,1,1,20260903,20260930
763155,1,1,1,1,1,1,1,20260903,20260930
763156,1,1,1,1,1,1,1,20260903,20260930
763157,1,1,1,1,1,1,1,20260903,20260930
763158,1,1,1,1,1,1,1,20260903,20260930
763159,1,1,1,1,1,1,1,20260903,20260930
763160,1,1,1,1,1,1,1,20260903,20260930
765322,1,1,1,1,1,1,1,20260903,20260930
765323,1,1,1,1,1,1,1,20260903,20260930
765324,1,1,1,1,1,1,1,20260903,20260930
765325,1,1,1,1,1,1,1,20260903,20260930
765326,1,1,1,1,1,1,1,20260903,20260930
765327,1,1,1,1,1,1,1,20260903,20260930
765329,1,1,1,1,1,1,1,20260903,20260930
765330,1,1,1,1,1,1,1,20260903,20260930
765331,1,1,1,1,1,1,1,20260903,20260930
765332,1,1,1,1,1,1,1,20260903,20260930
765333,1,1,1,1,1,1,1,20260903,20260930
765334,1,1,1,1,1,1,1,20260903,20260930
765336,1,1,1,1,1,1,1,20260903,20260930
765337,1,1,1,1,1,1,1,20260903,20260930
762682,1,1,1,1,1,1,1,20260903,20260930
762683,1,1,1,1,1,1,1,20260903,20260930
762684,1,1,1,1,1,1,1,20260903,20260930
762685,1,1,1,1,1,1,1,20260903,20260930
762686,1,1,1,1,1,1,1,20260903,20260930
762687,1,1,1,1,1,1,1,20260903,20260930
762688,1,1,1,1,1,1,1,20260903,20260930
762689,1,1,1,1,1,1,1,20260903,20260930
762690,1,1,1,1,1,1,1,20260903,20260930
762691,1,1,1,1,1,1,1,20260903,20260930
762692,1,1,1,1,1,1,1,20260903,20260930
762693,1,1,1,1,1,1,1,20260903,20260930
762695,1,1,1,1,1,1,1,20260903,20260930
762696,1,1,1,1,1,1,1,20260903,20260930
762697,1,1,1,1,1,1,1,20260903,20260930
762698,1,1,1,1,1,1,1,20260903,20260930
762699,1,1,1,1,1,1,1,20260903,20260930
762700,1,1,1,1,1,1,1,20260903,20260930
764032,1,1,1,1,1,1,1,20260903,20260930
764033,1,1,1,1,1,1,1,20260903,20260930
764034,1,1,1,1,1,1,1,20260903,20260930
764035,1,1,1,1,1,1,1,20260903,20260930
764036,1,1,1,1,1,1,1,20260903,20260930
764037,1,1,1,1,1,1,1,20260903,20260930
764038,1,1,1,1,1,1,1,20260903,20260930
764039,1,1,1,1,1,1,1,20260903,20260930
764040,1,1,1,1,1,1,1,20260903,20260930
764041,1,1,1,1,1,1,1,20260903,20260930
764042,1,1,1,1,1,1,1,20260903,20260930
764043,1,1,1,1,1,1,1,20260903,20260930
764044,1,1,1,1,1,1,1,20260903,20260930
764045,1,1,1,1,1,1,1,20260903,20260930
764046,1,1,1,1,1,1,1,20260903,20260930
764047,1,1,1,1,1,1,1,20260903,20260930
764048,1,1,1,1,1,1,1,20260903,20260930
763161,1,1,1,1,1,1,1,20260903,20260930
763162,1,1,1,1,1,1,1,20260903,20260930
763163,1,1,1,1,1,1,1,20260903,20260930
763164,1,1,1,1,1,1,1,20260903,20260930
763165,1,1,1,1,1,1,1,20260903,20260930
763166,1,1,1,1,1,1,1,20260903,20260930
763167,1,1,1,1,1,1,1,20260903,20260930
763168,1,1,1,1,1,1,1,20260903,20260930
763169,1,1,1,1,1,1,1,20260903,20260930
763170,1,1,1,1,1,1,1,20260903,20260930
763172,1,1,1,1,1,1,1,20260903,20260930
763173,1,1,1,1,1,1,1,20260903,20260930
763174,1,1,1,1,1,1,1,20260903,20260930
763175,1,1,1,1,1,1,1,20260903,20260930
763176,1,1,1,1,1,1,1,20260903,20260930
763177,1,1,1,1,1,1,1,20260903,20260930
765338,1,1,1,1,1,1,1,20260903,20260930
765339,1,1,1,1,1,1,1,20260903,20260930
765340,1,1,1,1,1,1,1,20260903,20260930
765342,1,1,1,1,1,1,1,20260903,20260930
765343,1,1,1,1,1,1,1,20260903,20260930
765344,1,1,1,1,1,1,1,20260903,20260930
765345,1,1,1,1,1,1,1,20260903,20260930
765346,1,1,1,1,1,1,1,20260903,20260930
765347,1,1,1,1,1,1,1,20260903,20260930
765349,1,1,1,1,1,1,1,20260903,20260930
765350,1,1,1,1,1,1,1,20260903,20260930
765352,1,1,1,1,1,1,1,20260903,20260930
762701,1,1,1,1,1,1,1,20260903,20260930
762702,1,1,1,1,1,1,1,20260903,20260930
762705,1,1,1,1,1,1,1,20260903,20260930
762706,1,1,1,1,1,1,1,20260903,20260930
762707,1,1,1,1,1,1,1,20260903,20260930
762708,1,1,1,1,1,1,1,20260903,20260930
762709,1,1,1,1,1,1,1,20260903,20260930
762710,1,1,1,1,1,1,1,20260903,20260930
762711,1,1,1,1,1,1,1,20260903,20260930
762712,1,1,1,1,1,1,1,20260903,20260930
762713,1,1,1,1,1,1,1,20260903,20260930
762714,1,1,1,1,1,1,1,20260903,20260930
762715,1,1,1,1,1,1,1,20260903,20260930
762716,1,1,1,1,1,1,1,20260903,20260930
762717,1,1,1,1,1,1,1,20260903,20260930
762718,1,1,1,1,1,1,1,20260903,20260930
764049,1,1,1,1,1,1,1,20260903,20260930
764050,1,1,1,1,1,1,1,20260903,20260930
764051,1,1,1,1,1,1,1,20260903,20260930
764052,1,1,1,1,1,1,1,20260903,20260930
764053,1,1,1,1,1,1,1,20260903,20260930
764054,1,1,1,1,1,1,1,20260903,20260930
764056,1,1,1,1,1,1,1,20260903,20260930
764057,1,1,1,1,1,1,1,20260903,20260930
764058,1,1,1,1,1,1,1,20260903,20260930
764059,1,1,1,1,1,1,1,20260903,20260930
764060,1,1,1,1,1,1,1,20260903,20260930
764061,1,1,1,1,1,1,1,20260903,20260930
764062,1,1,1,1,1,1,1,20260903,20260930
764063,1,1,1,1,1,1,1,20260903,20260930
764064,1,1,1,1,1,1,1,20260903,20260930
763178,1,1,1,1,1,1,1,20260903,20260930
763179,1,1,1,1,1,1,1,20260903,20260930
763180,1,1,1,1,1,1,1,20260903,20260930
763181,1,1,1,1,1,1,1,20260903,20260930
763184,1,1,1,1,1,1,1,20260903,20260930
763185,1,1,1,1,1,1,1,20260903,20260930
763186,1,1,1,1,1,1,1,20260903,20260930
763187,1,1,1,1,1,1,1,20260903,20260930
763188,1,1,1,1,1,1,1,20260903,20260930
763189,1,1,1,1,1,1,1,20260903,20260930
763190,1,1,1,1,1,1,1,20260903,20260930
763191,1,1,1,1,1,1,1,20260903,20260930
763192,1,1,1,1,1,1,1,20260903,20260930
763193,1,1,1,1,1,1,1,20260903,20260930
762719,1,1,1,1,1,1,1,20260903,20260930
762720,1,1,1,1,1,1,1,20260903,20260930
762721,1,1,1,1,1,1,1,20260903,20260930
762722,1,1,1,1,1,1,1,20260903,20260930
762723,1,1,1,1,1,1,1,20260903,20260930
762724,1,1,1,1,1,1,1,20260903,20260930
762725,1,1,1,1,1,1,1,20260903,20260930
762727,1,1,1,1,1,1,1,20260903,20260930
762729,1,1,1,1,1,1,1,20260903,20260930
762730,1,1,1,1,1,1,1,20260903,20260930
762731,1,1,1,1,1,1,1,20260903,20260930
762732,1,1,1,1,1,1,1,20260903,20260930
762733,1,1,1,1,1,1,1,20260903,20260930
762734,1,1,1,1,1,1,1,20260903,20260930
762735,1,1,1,1,1,1,1,20260903,20260930
762736,1,1,1,1,1,1,1,20260903,20260930
765353,1,1,1,1,1,1,1,20260903,20260930
765354,1,1,1,1,1,1,1,20260903,20260930
765355,1,1,1,1,1,1,1,20260903,20260930
765356,1,1,1,1,1,1,1,20260903,20260930
765357,1,1,1,1,1,1,1,20260903,20260930
765358,1,1,1,1,1,1,1,20260903,20260930
765360,1,1,1,1,1,1,1,20260903,20260930
765361,1,1,1,1,1,1,1,20260903,20260930
765362,1,1,1,1,1,1,1,20260903,20260930
765363,1,1,1,1,1,1,1,20260903,20260930
765365,1,1,1,1,1,1,1,20260903,20260930
765366,1,1,1,1,1,1,1,20260903,20260930
765369,1,1,1,1,1,1,1,20260903,20260930
763194,1,1,1,1,1,1,1,20260903,20260930
763195,1,1,1,1,1,1,1,20260903,20260930
763196,1,1,1,1,1,1,1,20260903,20260930
763197,1,1,1,1,1,1,1,20260903,20260930
763198,1,1,1,1,1,1,1,20260903,20260930
763199,1,1,1,1,1,1,1,20260903,20260930
763200,1,1,1,1,1,1,1,20260903,20260930
763201,1,1,1,1,1,1,1,20260903,20260930
763202,1,1,1,1,1,1,1,20260903,20260930
763203,1,1,1,1,1,1,1,20260903,20260930
763204,1,1,1,1,1,1,1,20260903,20260930
763205,1,1,1,1,1,1,1,20260903,20260930
763208,1,1,1,1,1,1,1,20260903,20260930
764065,1,1,1,1,1,1,1,20260903,20260930
764066,1,1,1,1,1,1,1,20260903,20260930
764067,1,1,1,1,1,1,1,20260903,20260930
764068,1,1,1,1,1,1,1,20260903,20260930
764069,1,1,1,1,1,1,1,20260903,20260930
764070,1,1,1,1,1,1,1,20260903,20260930
764071,1,1,1,1,1,1,1,20260903,20260930
764072,1,1,1,1,1,1,1,20260903,20260930
764073,1,1,1,1,1,1,1,20260903,20260930
764074,1,1,1,1,1,1,1,20260903,20260930
764075,1,1,1,1,1,1,1,20260903,20260930
764076,1,1,1,1,1,1,1,20260903,20260930
764077,1,1,1,1,1,1,1,20260903,20260930
764078,1,1,1,1,1,1,1,20260903,20260930
764079,1,1,1,1,1,1,1,20260903,20260930
764080,1,1,1,1,1,1,1,20260903,20260930
762737,1,1,1,1,1,1,1,20260903,20260930
762738,1,1,1,1,1,1,1,20260903,20260930
762739,1,1,1,1,1,1,1,20260903,20260930
762740,1,1,1,1,1,1,1,20260903,20260930
762741,1,1,1,1,1,1,1,20260903,20260930
762742,1,1,1,1,1,1,1,20260903,20260930
762743,1,1,1,1,1,1,1,20260903,20260930
762744,1,1,1,1,1,1,1,20260903,20260930
762745,1,1,1,1,1,1,1,20260903,20260930
762746,1,1,1,1,1,1,1,20260903,20260930
762747,1,1,1,1,1,1,1,20260903,20260930
762748,1,1,1,1,1,1,1,20260903,20260930
762749,1,1,1,1,1,1,1,20260903,20260930
762750,1,1,1,1,1,1,1,20260903,20260930
762751,1,1,1,1,1,1,1,20260903,20260930
762754,1,1,1,1,1,1,1,20260903,20260930
763209,1,1,1,1,1,1,1,20260903,20260930
763210,1,1,1,1,1,1,1,20260903,20260930
763211,1,1,1,1,1,1,1,20260903,20260930
763212,1,1,1,1,1,1,1,20260903,20260930
763213,1,1,1,1,1,1,1,20260903,20260930
763214,1,1,1,1,1,1,1,20260903,20260930
763215,1,1,1,1,1,1,1,20260903,20260930
763216,1,1,1,1,1,1,1,20260903,20260930
763217,1,1,1,1,1,1,1,20260903,20260930
763218,1,1,1,1,1,1,1,20260903,20260930
763219,1,1,1,1,1,1,1,20260903,20260930
763220,1,1,1,1,1,1,1,20260903,20260930
763221,1,1,1,1,1,1,1,20260903,20260930
763222,1,1,1,1,1,1,1,20260903,20260930
763223,1,1,1,1,1,1,1,20260903,20260930
763224,1,1,1,1,1,1,1,20260903,20260930
765375,1,1,1,1,1,1,1,20260903,20260930
765376,1,1,1,1,1,1,1,20260903,20260930
765377,1,1,1,1,1,1,1,20260903,20260930
765378,1,1,1,1,1,1,1,20260903,20260930
762755,1,1,1,1,1,1,1,20260903,20260930
762756,1,1,1,1,1,1,1,20260903,20260930
762758,1,1,1,1,1,1,1,20260903,20260930
762759,1,1,1,1,1,1,1,20260903,20260930
762760,1,1,1,1,1,1,1,20260903,20260930
762761,1,1,1,1,1,1,1,20260903,20260930
762762,1,1,1,1,1,1,1,20260903,20260930
762763,1,1,1,1,1,1,1,20260903,20260930
762766,1,1,1,1,1,1,1,20260903,20260930
762767,1,1,1,1,1,1,1,20260903,20260930
762768,1,1,1,1,1,1,1,20260903,20260930
762769,1,1,1,1,1,1,1,20260903,20260930
762770,1,1,1,1,1,1,1,20260903,20260930
762771,1,1,1,1,1,1,1,20260903,20260930
762772,1,1,1,1,1,1,1,20260903,20260930
764081,1,1,1,1,1,1,1,20260903,20260930
764082,1,1,1,1,1,1,1,20260903,20260930
764083,1,1,1,1,1,1,1,20260903,20260930
764084,1,1,1,1,1,1,1,20260903,20260930
764086,1,1,1,1,1,1,1,20260903,20260930
764087,1,1,1,1,1,1,1,20260903,20260930
764088,1,1,1,1,1,1,1,20260903,20260930
764089,1,1,1,1,1,1,1,20260903,20260930
764090,1,1,1,1,1,1,1,20260903,20260930
764091,1,1,1,1,1,1,1,20260903,20260930
764092,1,1,1,1,1,1,1,20260903,20260930
764093,1,1,1,1,1,1,1,20260903,20260930
764094,1,1,1,1,1,1,1,20260903,20260930
764095,1,1,1,1,1,1,1,20260903,20260930
764096,1,1,1,1,1,1,1,20260903,20260930
763225,1,1,1,1,1,1,1,20260903,20260930
763226,1,1,1,1,1,1,1,20260903,20260930
763227,1,1,1,1,1,1,1,20260903,20260930
763228,1,1,1,1,1,1,1,20260903,20260930
763229,1,1,1,1,1,1,1,20260903,20260930
763230,1,1,1,1,1,1,1,20260903,20260930
763231,1,1,1,1,1,1,1,20260903,20260930
763232,1,1,1,1,1,1,1,20260903,20260930
763233,1,1,1,1,1,1,1,20260903,20260930
763234,1,1,1,1,1,1,1,20260903,20260930
763237,1,1,1,1,1,1,1,20260903,20260930
763238,1,1,1,1,1,1,1,20260903,20260930
763239,1,1,1,1,1,1,1,20260903,20260930
763240,1,1,1,1,1,1,1,20260903,20260930
765379,1,1,1,1,1,1,1,20260903,20260930
765380,1,1,1,1,1,1,1,20260903,20260930
765381,1,1,1,1,1,1,1,20260903,20260930
765382,1,1,1,1,1,1,1,20260903,20260930
762773,1,1,1,1,1,1,1,20260903,20260930
762774,1,1,1,1,1,1,1,20260903,20260930
762775,1,1,1,1,1,1,1,20260903,20260930
762776,1,1,1,1,1,1,1,20260903,20260930
762777,1,1,1,1,1,1,1,20260903,20260930
762778,1,1,1,1,1,1,1,20260903,20260930
762779,1,1,1,1,1,1,1,20260903,20260930
762780,1,1,1,1,1,1,1,20260903,20260930
762781,1,1,1,1,1,1,1,20260903,20260930
762782,1,1,1,1,1,1,1,20260903,20260930
762784,1,1,1,1,1,1,1,20260903,20260930
762785,1,1,1,1,1,1,1,20260903,20260930
762786,1,1,1,1,1,1,1,20260903,20260930
762787,1,1,1,1,1,1,1,20260903,20260930
762788,1,1,1,1,1,1,1,20260903,20260930
762789,1,1,1,1,1,1,1,20260903,20260930
762790,1,1,1,1,1,1,1,20260903,20260930
762791,1,1,1,1,1,1,1,20260903,20260930
764097,1,1,1,1,1,1,1,20260903,20260930
764098,1,1,1,1,1,1,1,20260903,20260930
764099,1,1,1,1,1,1,1,20260903,20260930
764100,1,1,1,1,1,1,1,20260903,20260930
764101,1,1,1,1,1,1,1,20260903,20260930
764102,1,1,1,1,1,1,1,20260903,20260930
764103,1,1,1,1,1,1,1,20260903,20260930
764104,1,1,1,1,1,1,1,20260903,20260930
764105,1,1,1,1,1,1,1,20260903,20260930
764106,1,1,1,1,1,1,1,20260903,20260930
764107,1,1,1,1,1,1,1,20260903,20260930
764108,1,1,1,1,1,1,1,20260903,20260930
764109,1,1,1,1,1,1,1,20260903,20260930
764110,1,1,1,1,1,1,1,20260903,20260930
764111,1,1,1,1,1,1,1,20260903,20260930
764112,1,1,1,1,1,1,1,20260903,20260930
763241,1,1,1,1,1,1,1,20260903,20260930
763242,1,1,1,1,1,1,1,20260903,20260930
763243,1,1,1,1,1,1,1,20260903,20260930
763244,1,1,1,1,1,1,1,20260903,20260930
763245,1,1,1,1,1,1,1,20260903,20260930
763246,1,1,1,1,1,1,1,20260903,20260930
763247,1,1,1,1,1,1,1,20260903,20260930
763248,1,1,1,1,1,1,1,20260903,20260930
763249,1,1,1,1,1,1,1,20260903,20260930
763250,1,1,1,1,1,1,1,20260903,20260930
763251,1,1,1,1,1,1,1,20260903,20260930
763252,1,1,1,1,1,1,1,20260903,20260930
763253,1,1,1,1,1,1,1,20260903,20260930
763254,1,1,1,1,1,1,1,20260903,20260930
763255,1,1,1,1,1,1,1,20260903,20260930
763256,1,1,1,1,1,1,1,20260903,20260930
765398,1,1,1,1,1,1,1,20260903,20260930
765399,1,1,1,1,1,1,1,20260903,20260930
762792,1,1,1,1,1,1,1,20260903,20260930
762793,1,1,1,1,1,1,1,20260903,20260930
762794,1,1,1,1,1,1,1,20260903,20260930
762795,1,1,1,1,1,1,1,20260903,20260930
762796,1,1,1,1,1,1,1,20260903,20260930
762798,1,1,1,1,1,1,1,20260903,20260930
762799,1,1,1,1,1,1,1,20260903,20260930
762800,1,1,1,1,1,1,1,20260903,20260930
762801,1,1,1,1,1,1,1,20260903,20260930
762802,1,1,1,1,1,1,1,20260903,20260930
762803,1,1,1,1,1,1,1,20260903,20260930
762804,1,1,1,1,1,1,1,20260903,20260930
762805,1,1,1,1,1,1,1,20260903,20260930
762806,1,1,1,1,1,1,1,20260903,20260930
762807,1,1,1,1,1,1,1,20260903,20260930
764113,1,1,1,1,1,1,1,20260903,20260930
764114,1,1,1,1,1,1,1,20260903,20260930
764117,1,1,1,1,1,1,1,20260903,20260930
764118,1,1,1,1,1,1,1,20260903,20260930
764119,1,1,1,1,1,1,1,20260903,20260930
764120,1,1,1,1,1,1,1,20260903,20260930
764121,1,1,1,1,1,1,1,20260903,20260930
764122,1,1,1,1,1,1,1,20260903,20260930
764123,1,1,1,1,1,1,1,20260903,20260930
764124,1,1,1,1,1,1,1,20260903,20260930
764125,1,1,1,1,1,1,1,20260903,20260930
764126,1,1,1,1,1,1,1,20260903,20260930
764127,1,1,1,1,1,1,1,20260903,20260930
764128,1,1,1,1,1,1,1,20260903,20260930
763257,1,1,1,1,1,1,1,20260903,20260930
763258,1,1,1,1,1,1,1,20260903,20260930
763259,1,1,1,1,1,1,1,20260903,20260930
763260,1,1,1,1,1,1,1,20260903,20260930
763261,1,1,1,1,1,1,1,20260903,20260930
763262,1,1,1,1,1,1,1,20260903,20260930
763263,1,1,1,1,1,1,1,20260903,20260930
763266,1,1,1,1,1,1,1,20260903,20260930
763267,1,1,1,1,1,1,1,20260903,20260930
763268,1,1,1,1,1,1,1,20260903,20260930
763269,1,1,1,1,1,1,1,20260903,20260930
763270,1,1,1,1,1,1,1,20260903,20260930
763271,1,1,1,1,1,1,1,20260903,20260930
763272,1,1,1,1,1,1,1,20260903,20260930
762809,1,1,1,1,1,1,1,20260903,20260930
762816,1,1,1,1,1,1,1,20260903,20260930
762818,1,1,1,1,1,1,1,20260903,20260930
762819,1,1,1,1,1,1,1,20260903,20260930
762821,1,1,1,1,1,1,1,20260903,20260930
762822,1,1,1,1,1,1,1,20260903,20260930
762824,1,1,1,1,1,1,1,20260903,20260930
762825,1,1,1,1,1,1,1,20260903,20260930
762826,1,1,1,1,1,1,1,20260903,20260930
764129,1,1,1,1,1,1,1,20260903,20260930
764130,1,1,1,1,1,1,1,20260903,20260930
764131,1,1,1,1,1,1,1,20260903,20260930
764132,1,1,1,1,1,1,1,20260903,20260930
764133,1,1,1,1,1,1,1,20260903,20260930
764134,1,1,1,1,1,1,1,20260903,20260930
764135,1,1,1,1,1,1,1,20260903,20260930
764136,1,1,1,1,1,1,1,20260903,20260930
764137,1,1,1,1,1,1,1,20260903,20260930
764138,1,1,1,1,1,1,1,20260903,20260930
764139,1,1,1,1,1,1,1,20260903,20260930
764140,1,1,1,1,1,1,1,20260903,20260930
764141,1,1,1,1,1,1,1,20260903,20260930
764142,1,1,1,1,1,1,1,20260903,20260930
764143,1,1,1,1,1,1,1,20260903,20260930
764144,1,1,1,1,1,1,1,20260903,20260930
765400,1,1,1,1,1,1,1,20260903,20260930
765401,1,1,1,1,1,1,1,20260903,20260930
765402,1,1,1,1,1,1,1,20260903,20260930
765403,1,1,1,1,1,1,1,20260903,20260930
765404,1,1,1,1,1,1,1,20260903,20260930
765405,1,1,1,1,1,1,1,20260903,20260930
765406,1,1,1,1,1,1,1,20260903,20260930
765407,1,1,1,1,1,1,1,20260903,20260930
765408,1,1,1,1,1,1,1,20260903,20260930
765409,1,1,1,1,1,1,1,20260903,20260930
765410,1,1,1,1,1,1,1,20260903,20260930
765411,1,1,1,1,1,1,1,20260903,20260930
765412,1,1,1,1,1,1,1,20260903,20260930
765413,1,1,1,1,1,1,1,20260903,20260930
763273,1,1,1,1,1,1,1,20260903,20260930
763274,1,1,1,1,1,1,1,20260903,20260930
763275,1,1,1,1,1,1,1,20260903,20260930
763276,1,1,1,1,1,1,1,20260903,20260930
763277,1,1,1,1,1,1,1,20260903,20260930
763278,1,1,1,1,1,1,1,20260903,20260930
763279,1,1,1,1,1,1,1,20260903,20260930
763280,1,1,1,1,1,1,1,20260903,20260930
763281,1,1,1,1,1,1,1,20260903,20260930
763282,1,1,1,1,1,1,1,20260903,20260930
763283,1,1,1,1,1,1,1,20260903,20260930
763284,1,1,1,1,1,1,1,20260903,20260930
763285,1,1,1,1,1,1,1,20260903,20260930
763286,1,1,1,1,1,1,1,20260903,20260930
763287,1,1,1,1,1,1,1,20260903,20260930
764146,1,1,1,1,1,1,1,20260903,20260930
764147,1,1,1,1,1,1,1,20260903,20260930
764148,1,1,1,1,1,1,1,20260903,20260930
764149,1,1,1,1,1,1,1,20260903,20260930
764150,1,1,1,1,1,1,1,20260903,20260930
764151,1,1,1,1,1,1,1,20260903,20260930
764152,1,1,1,1,1,1,1,20260903,20260930
764153,1,1,1,1,1,1,1,20260903,20260930
764154,1,1,1,1,1,1,1,20260903,20260930
764155,1,1,1,1,1,1,1,20260903,20260930
764156,1,1,1,1,1,1,1,20260903,20260930
764157,1,1,1,1,1,1,1,20260903,20260930
764158,1,1,1,1,1,1,1,20260903,20260930
764159,1,1,1,1,1,1,1,20260903,20260930
764160,1,1,1,1,1,1,1,20260903,20260930
763290,1,1,1,1,1,1,1,20260903,20260930
763291,1,1,1,1,1,1,1,20260903,20260930
763292,1,1,1,1,1,1,1,20260903,20260930
763293,1,1,1,1,1,1,1,20260903,20260930
763294,1,1,1,1,1,1,1,20260903,20260930
763295,1,1,1,1,1,1,1,20260903,20260930
763296,1,1,1,1,1,1,1,20260903,20260930
763297,1,1,1,1,1,1,1,20260903,20260930
763298,1,1,1,1,1,1,1,20260903,20260930
763299,1,1,1,1,1,1,1,20260903,20260930
763300,1,1,1,1,1,1,1,20260903,20260930
763301,1,1,1,1,1,1,1,20260903,20260930
763302,1,1,1,1,1,1,1,20260903,20260930
763303,1,1,1,1,1,1,1,20260903,20260930
764161,1,1,1,1,1,1,1,20260903,20260930
764162,1,1,1,1,1,1,1,20260903,20260930
764163,1,1,1,1,1,1,1,20260903,20260930
764164,1,1,1,1,1,1,1,20260903,20260930
764165,1,1,1,1,1,1,1,20260903,20260930
764166,1,1,1,1,1,1,1,20260903,20260930
764167,1,1,1,1,1,1,1,20260903,20260930
764168,1,1,1,1,1,1,1,20260903,20260930
764169,1,1,1,1,1,1,1,20260903,20260930
764170,1,1,1,1,1,1,1,20260903,20260930
764171,1,1,1,1,1,1,1,20260903,20260930
764172,1,1,1,1,1,1,1,20260903,20260930
764173,1,1,1,1,1,1,1,20260903,20260930
764174,1,1,1,1,1,1,1,20260903,20260930
763304,1,1,1,1,1,1,1,20260903,20260930
763305,1,1,1,1,1,1,1,20260903,20260930
763306,1,1,1,1,1,1,1,20260903,20260930
763307,1,1,1,1,1,1,1,20260903,20260930
763308,1,1,1,1,1,1,1,20260903,20260930
763309,1,1,1,1,1,1,1,20260903,20260930
763310,1,1,1,1,1,1,1,20260903,20260930
763311,1,1,1,1,1,1,1,20260903,20260930
763312,1,1,1,1,1,1,1,20260903,20260930
763313,1,1,1,1,1,1,1,20260903,20260930
763316,1,1,1,1,1,1,1,20260903,20260930
763317,1,1,1,1,1,1,1,20260903,20260930
763318,1,1,1,1,1,1,1,20260903,20260930
763319,1,1,1,1,1,1,1,20260903,20260930
764177,1,1,1,1,1,1,1,20260903,20260930
764178,1,1,1,1,1,1,1,20260903,20260930
764179,1,1,1,1,1,1,1,20260903,20260930
764180,1,1,1,1,1,1,1,20260903,20260930
764181,1,1,1,1,1,1,1,20260903,20260930
764182,1,1,1,1,1,1,1,20260903,20260930
764183,1,1,1,1,1,1,1,20260903,20260930
764184,1,1,1,1,1,1,1,20260903,20260930
764185,1,1,1,1,1,1,1,20260903,20260930
764186,1,1,1,1,1,1,1,20260903,20260930
764187,1,1,1,1,1,1,1,20260903,20260930
764188,1,1,1,1,1,1,1,20260903,20260930
764189,1,1,1,1,1,1,1,20260903,20260930
764190,1,1,1,1,1,1,1,20260903,20260930
764192,1,1,1,1,1,1,1,20260903,20260930
763320,1,1,1,1,1,1,1,20260903,20260930
763321,1,1,1,1,1,1,1,20260903,20260930
763322,1,1,1,1,1,1,1,20260903,20260930
763323,1,1,1,1,1,1,1,20260903,20260930
763324,1,1,1,1,1,1,1,20260903,20260930
763325,1,1,1,1,1,1,1,20260903,20260930
763326,1,1,1,1,1,1,1,20260903,20260930
763327,1,1,1,1,1,1,1,20260903,20260930
763328,1,1,1,1,1,1,1,20260903,20260930
763329,1,1,1,1,1,1,1,20260903,20260930
763330,1,1,1,1,1,1,1,20260903,20260930
763331,1,1,1,1,1,1,1,20260903,20260930
763332,1,1,1,1,1,1,1,20260903,20260930
763333,1,1,1,1,1,1,1,20260903,20260930
763334,1,1,1,1,1,1,1,20260903,20260930
763335,1,1,1,1,1,1,1,20260903,20260930
763336,1,1,1,1,1,1,1,20260903,20260930
763337,1,1,1,1,1,1,1,20260903,20260930
764193,1,1,1,1,1,1,1,20260903,20260930
764194,1,1,1,1,1,1,1,20260903,20260930
764195,1,1,1,1,1,1,1,20260903,20260930
764196,1,1,1,1,1,1,1,20260903,20260930
764197,1,1,1,1,1,1,1,20260903,20260930
764199,1,1,1,1,1,1,1,20260903,20260930
764200,1,1,1,1,1,1,1,20260903,20260930
764202,1,1,1,1,1,1,1,20260903,20260930
764203,1,1,1,1,1,1,1,20260903,20260930
764205,1,1,1,1,1,1,1,20260903,20260930
764206,1,1,1,1,1,1,1,20260903,20260930
764209,1,1,1,1,1,1,1,20260903,20260930
763338,1,1,1,1,1,1,1,20260903,20260930
763339,1,1,1,1,1,1,1,20260903,20260930
763342,1,1,1,1,1,1,1,20260903,20260930
763343,1,1,1,1,1,1,1,20260903,20260930
763344,1,1,1,1,1,1,1,20260903,20260930
763345,1,1,1,1,1,1,1,20260903,20260930
763346,1,1,1,1,1,1,1,20260903,20260930
763347,1,1,1,1,1,1,1,20260903,20260930
763348,1,1,1,1,1,1,1,20260903,20260930
763349,1,1,1,1,1,1,1,20260903,20260930
763350,1,1,1,1,1,1,1,20260903,20260930
763351,1,1,1,1,1,1,1,20260903,20260930
763352,1,1,1,1,1,1,1,20260903,20260930
763353,1,1,1,1,1,1,1,20260903,20260930
764210,1,1,1,1,1,1,1,20260903,20260930
764211,1,1,1,1,1,1,1,20260903,20260930
764212,1,1,1,1,1,1,1,20260903,20260930
764213,1,1,1,1,1,1,1,20260903,20260930
764214,1,1,1,1,1,1,1,20260903,20260930
764215,1,1,1,1,1,1,1,20260903,20260930
764216,1,1,1,1,1,1,1,20260903,20260930
764217,1,1,1,1,1,1,1,20260903,20260930
764218,1,1,1,1,1,1,1,20260903,20260930
764219,1,1,1,1,1,1,1,20260903,20260930
764220,1,1,1,1,1,1,1,20260903,20260930
764221,1,1,1,1,1,1,1,20260903,20260930
764222,1,1,1,1,1,1,1,20260903,20260930
764223,1,1,1,1,1,1,1,20260903,20260930
764224,1,1,1,1,1,1,1,20260903,20260930
764225,1,1,1,1,1,1,1,20260903,20260930
764226,1,1,1,1,1,1,1,20260903,20260930
764227,1,1,1,1,1,1,1,20260903,20260930
764228,1,1,1,1,1,1,1,20260903,20260930
764229,1,1,1,1,1,1,1,20260903,20260930
764230,1,1,1,1,1,1,1,20260903,20260930
764231,1,1,1,1,1,1,1,20260903,20260930
764232,1,1,1,1,1,1,1,20260903,20260930
764233,1,1,1,1,1,1,1,20260903,20260930
764234,1,1,1,1,1,1,1,20260903,20260930
764237,1,1,1,1,1,1,1,20260903,20260930
764238,1,1,1,1,1,1,1,20260903,20260930
764239,1,1,1,1,1,1,1,20260903,20260930
764240,1,1,1,1,1,1,1,20260903,20260930
764241,1,1,1,1,1,1,1,20260903,20260930
763354,1,1,1,1,1,1,1,20260903,20260930
763355,1,1,1,1,1,1,1,20260903,20260930
763356,1,1,1,1,1,1,1,20260903,20260930
763357,1,1,1,1,1,1,1,20260903,20260930
763358,1,1,1,1,1,1,1,20260903,20260930
763359,1,1,1,1,1,1,1,20260903,20260930
763360,1,1,1,1,1,1,1,20260903,20260930
763361,1,1,1,1,1,1,1,20260903,20260930
763362,1,1,1,1,1,1,1,20260903,20260930
763363,1,1,1,1,1,1,1,20260903,20260930
763364,1,1,1,1,1,1,1,20260903,20260930
763365,1,1,1,1,1,1,1,20260903,20260930
764242,1,1,1,1,1,1,1,20260903,20260930
764243,1,1,1,1,1,1,1,20260903,20260930
764244,1,1,1,1,1,1,1,20260903,20260930
764245,1,1,1,1,1,1,1,20260903,20260930
764246,1,1,1,1,1,1,1,20260903,20260930
764247,1,1,1,1,1,1,1,20260903,20260930
764248,1,1,1,1,1,1,1,20260903,20260930
764249,1,1,1,1,1,1,1,20260903,20260930
764250,1,1,1,1,1,1,1,20260903,20260930
764251,1,1,1,1,1,1,1,20260903,20260930
764252,1,1,1,1,1,1,1,20260903,20260930
764253,1,1,1,1,1,1,1,20260903,20260930
764254,1,1,1,1,1,1,1,20260903,20260930
764255,1,1,1,1,1,1,1,20260903,20260930
764256,1,1,1,1,1,1,1,20260903,20260930
764257,1,1,1,1,1,1,1,20260903,20260930
764258,1,1,1,1,1,1,1,20260903,20260930
764259,1,1,1,1,1,1,1,20260903,20260930
764260,1,1,1,1,1,1,1,20260903,20260930
764261,1,1,1,1,1,1,1,20260903,20260930
764262,1,1,1,1,1,1,1,20260903,20260930
764263,1,1,1,1,1,1,1,20260903,20260930
764264,1,1,1,1,1,1,1,20260903,20260930
764266,1,1,1,1,1,1,1,20260903,20260930
764267,1,1,1,1,1,1,1,20260903,20260930
764268,1,1,1,1,1,1,1,20260903,20260930
764269,1,1,1,1,1,1,1,20260903,20260930
764270,1,1,1,1,1,1,1,20260903,20260930
764271,1,1,1,1,1,1,1,20260903,20260930
764272,1,1,1,1,1,1,1,20260903,20260930
764273,1,1,1,1,1,1,1,20260903,20260930
764274,1,1,1,1,1,1,1,20260903,20260930
763368,1,1,1,1,1,1,1,20260903,20260930
763369,1,1,1,1,1,1,1,20260903,20260930
763370,1,1,1,1,1,1,1,20260903,20260930
763371,1,1,1,1,1,1,1,20260903,20260930
763372,1,1,1,1,1,1,1,20260903,20260930
763373,1,1,1,1,1,1,1,20260903,20260930
763374,1,1,1,1,1,1,1,20260903,20260930
763375,1,1,1,1,1,1,1,20260903,20260930
763376,1,1,1,1,1,1,1,20260903,20260930
763377,1,1,1,1,1,1,1,20260903,20260930
763378,1,1,1,1,1,1,1,20260903,20260930
763379,1,1,1,1,1,1,1,20260903,20260930
763380,1,1,1,1,1,1,1,20260903,20260930
763381,1,1,1,1,1,1,1,20260903,20260930
763382,1,1,1,1,1,1,1,20260903,20260930
763383,1,1,1,1,1,1,1,20260903,20260930
763384,1,1,1,1,1,1,1,20260903,20260930
764275,1,1,1,1,1,1,1,20260903,20260930
764276,1,1,1,1,1,1,1,20260903,20260930
764277,1,1,1,1,1,1,1,20260903,20260930
764278,1,1,1,1,1,1,1,20260903,20260930
764279,1,1,1,1,1,1,1,20260903,20260930
764280,1,1,1,1,1,1,1,20260903,20260930
764281,1,1,1,1,1,1,1,20260903,20260930
764282,1,1,1,1,1,1,1,20260903,20260930
764283,1,1,1,1,1,1,1,20260903,20260930
764284,1,1,1,1,1,1,1,20260903,20260930
764285,1,1,1,1,1,1,1,20260903,20260930
764286,1,1,1,1,1,1,1,20260903,20260930
764287,1,1,1,1,1,1,1,20260903,20260930
764288,1,1,1,1,1,1,1,20260903,20260930
764289,1,1,1,1,1,1,1,20260903,20260930
764290,1,1,1,1,1,1,1,20260903,20260930
764291,1,1,1,1,1,1,1,20260903,20260930
764292,1,1,1,1,1,1,1,20260903,20260930
764293,1,1,1,1,1,1,1,20260903,20260930
764294,1,1,1,1,1,1,1,20260903,20260930
764297,1,1,1,1,1,1,1,20260903,20260930
764298,1,1,1,1,1,1,1,20260903,20260930
764299,1,1,1,1,1,1,1,20260903,20260930
764300,1,1,1,1,1,1,1,20260903,20260930
764301,1,1,1,1,1,1,1,20260903,20260930
764302,1,1,1,1,1,1,1,20260903,20260930
764303,1,1,1,1,1,1,1,20260903,20260930
764304,1,1,1,1,1,1,1,20260903,20260930
764305,1,1,1,1,1,1,1,20260903,20260930
764306,1,1,1,1,1,1,1,20260903,20260930
764307,1,1,1,1,1,1,1,20260903,20260930
764308,1,1,1,1,1,1,1,20260903,20260930
764309,1,1,1,1,1,1,1,20260903,20260930
764312,1,1,1,1,1,1,1,20260903,20260930
764313,1,1,1,1,1,1,1,20260903,20260930
764314,1,1,1,1,1,1,1,20260903,20260930
764315,1,1,1,1,1,1,1,20260903,20260930
764316,1,1,1,1,1,1,1,20260903,20260930
764317,1,1,1,1,1,1,1,20260903,20260930
764318,1,1,1,1,1,1,1,20260903,20260930
764319,1,1,1,1,1,1,1,20260903,20260930
764320,1,1,1,1,1,1,1,20260903,20260930
764321,1,1,1,1,1,1,1,20260903,20260930
764322,1,1,1,1,1,1,1,20260903,20260930
763385,1,1,1,1,1,1,1,20260903,20260930
763386,1,1,1,1,1,1,1,20260903,20260930
763387,1,1,1,1,1,1,1,20260903,20260930
763388,1,1,1,1,1,1,1,20260903,20260930
763389,1,1,1,1,1,1,1,20260903,20260930
763390,1,1,1,1,1,1,1,20260903,20260930
763391,1,1,1,1,1,1,1,20260903,20260930
763394,1,1,1,1,1,1,1,20260903,20260930
763395,1,1,1,1,1,1,1,20260903,20260930
763396,1,1,1,1,1,1,1,20260903,20260930
763397,1,1,1,1,1,1,1,20260903,20260930
763398,1,1,1,1,1,1,1,20260903,20260930
763399,1,1,1,1,1,1,1,20260903,20260930
763400,1,1,1,1,1,1,1,20260903,20260930
764323,1,1,1,1,1,1,1,20260903,20260930
764324,1,1,1,1,1,1,1,20260903,20260930
764325,1,1,1,1,1,1,1,20260903,20260930
764326,1,1,1,1,1,1,1,20260903,20260930
764327,1,1,1,1,1,1,1,20260903,20260930
764328,1,1,1,1,1,1,1,20260903,20260930
764329,1,1,1,1,1,1,1,20260903,20260930
764330,1,1,1,1,1,1,1,20260903,20260930
764331,1,1,1,1,1,1,1,20260903,20260930
764332,1,1,1,1,1,1,1,20260903,20260930
764333,1,1,1,1,1,1,1,20260903,20260930
764334,1,1,1,1,1,1,1,20260903,20260930
764335,1,1,1,1,1,1,1,20260903,20260930
764336,1,1,1,1,1,1,1,20260903,20260930
764337,1,1,1,1,1,1,1,20260903,20260930
764338,1,1,1,1,1,1,1,20260903,20260930
763401,1,1,1,1,1,1,1,20260903,20260930
763402,1,1,1,1,1,1,1,20260903,20260930
763403,1,1,1,1,1,1,1,20260903,20260930
763404,1,1,1,1,1,1,1,20260903,20260930
763405,1,1,1,1,1,1,1,20260903,20260930
763406,1,1,1,1,1,1,1,20260903,20260930
763407,1,1,1,1,1,1,1,20260903,20260930
763408,1,1,1,1,1,1,1,20260903,20260930
763409,1,1,1,1,1,1,1,20260903,20260930
763410,1,1,1,1,1,1,1,20260903,20260930
763411,1,1,1,1,1,1,1,20260903,20260930
763412,1,1,1,1,1,1,1,20260903,20260930
763413,1,1,1,1,1,1,1,20260903,20260930
763414,1,1,1,1,1,1,1,20260903,20260930
763415,1,1,1,1,1,1,1,20260903,20260930
764339,1,1,1,1,1,1,1,20260903,20260930
764340,1,1,1,1,1,1,1,20260903,20260930
764341,1,1,1,1,1,1,1,20260903,20260930
764342,1,1,1,1,1,1,1,20260903,20260930
764343,1,1,1,1,1,1,1,20260903,20260930
764344,1,1,1,1,1,1,1,20260903,20260930
764345,1,1,1,1,1,1,1,20260903,20260930
764346,1,1,1,1,1,1,1,20260903,20260930
764347,1,1,1,1,1,1,1,20260903,20260930
764349,1,1,1,1,1,1,1,20260903,20260930
764351,1,1,1,1,1,1,1,20260903,20260930
764352,1,1,1,1,1,1,1,20260903,20260930
764353,1,1,1,1,1,1,1,20260903,20260930
764354,1,1,1,1,1,1,1,20260903,20260930
764355,1,1,1,1,1,1,1,20260903,20260930
764356,1,1,1,1,1,1,1,20260903,20260930
764357,1,1,1,1,1,1,1,20260903,20260930
764358,1,1,1,1,1,1,1,20260903,20260930
764359,1,1,1,1,1,1,1,20260903,20260930
764360,1,1,1,1,1,1,1,20260903,20260930
764361,1,1,1,1,1,1,1,20260903,20260930
764362,1,1,1,1,1,1,1,20260903,20260930
764363,1,1,1,1,1,1,1,20260903,20260930
764364,1,1,1,1,1,1,1,20260903,20260930
764366,1,1,1,1,1,1,1,20260903,20260930
764367,1,1,1,1,1,1,1,20260903,20260930
764369,1,1,1,1,1,1,1,20260903,20260930
764370,1,1,1,1,1,1,1,20260903,20260930
764371,1,1,1,1,1,1,1,20260903,20260930
764372,1,1,1,1,1,1,1,20260903,20260930
763416,1,1,1,1,1,1,1,20260903,20260930
763417,1,1,1,1,1,1,1,20260903,20260930
763418,1,1,1,1,1,1,1,20260903,20260930
763419,1,1,1,1,1,1,1,20260903,20260930
763422,1,1,1,1,1,1,1,20260903,20260930
763423,1,1,1,1,1,1,1,20260903,20260930
763424,1,1,1,1,1,1,1,20260903,20260930
763425,1,1,1,1,1,1,1,20260903,20260930
763426,1,1,1,1,1,1,1,20260903,20260930
763427,1,1,1,1,1,1,1,20260903,20260930
763428,1,1,1,1,1,1,1,20260903,20260930
763429,1,1,1,1,1,1,1,20260903,20260930
763430,1,1,1,1,1,1,1,20260903,20260930
763431,1,1,1,1,1,1,1,20260903,20260930
764374,1,1,1,1,1,1,1,20260903,20260930
764375,1,1,1,1,1,1,1,20260903,20260930
764376,1,1,1,1,1,1,1,20260903,20260930
764377,1,1,1,1,1,1,1,20260903,20260930
764379,1,1,1,1,1,1,1,20260903,20260930
764380,1,1,1,1,1,1,1,20260903,20260930
764381,1,1,1,1,1,1,1,20260903,20260930
764382,1,1,1,1,1,1,1,20260903,20260930
764383,1,1,1,1,1,1,1,20260903,20260930
764384,1,1,1,1,1,1,1,20260903,20260930
764387,1,1,1,1,1,1,1,20260903,20260930
764388,1,1,1,1,1,1,1,20260903,20260930
764389,1,1,1,1,1,1,1,20260903,20260930
764390,1,1,1,1,1,1,1,20260903,20260930
764392,1,1,1,1,1,1,1,20260903,20260930
764393,1,1,1,1,1,1,1,20260903,20260930
764395,1,1,1,1,1,1,1,20260903,20260930
764396,1,1,1,1,1,1,1,20260903,20260930
764397,1,1,1,1,1,1,1,20260903,20260930
764398,1,1,1,1,1,1,1,20260903,20260930
764399,1,1,1,1,1,1,1,20260903,20260930
764400,1,1,1,1,1,1,1,20260903,20260930
764401,1,1,1,1,1,1,1,20260903,20260930
764402,1,1,1,1,1,1,1,20260903,20260930
764403,1,1,1,1,1,1,1,20260903,20260930
764404,1,1,1,1,1,1,1,20260903,20260930
763432,1,1,1,1,1,1,1,20260903,20260930
763433,1,1,1,1,1,1,1,20260903,20260930
763434,1,1,1,1,1,1,1,20260903,20260930
763435,1,1,1,1,1,1,1,20260903,20260930
763436,1,1,1,1,1,1,1,20260903,20260930
763437,1,1,1,1,1,1,1,20260903,20260930
763438,1,1,1,1,1,1,1,20260903,20260930
763439,1,1,1,1,1,1,1,20260903,20260930
763440,1,1,1,1,1,1,1,20260903,20260930
763441,1,1,1,1,1,1,1,20260903,20260930
763442,1,1,1,1,1,1,1,20260903,20260930
763443,1,1,1,1,1,1,1,20260903,20260930
763444,1,1,1,1,1,1,1,20260903,20260930
763445,1,1,1,1,1,1,1,20260903,20260930
763446,1,1,1,1,1,1,1,20260903,20260930
763447,1,1,1,1,1,1,1,20260903,20260930
763448,1,1,1,1,1,1,1,20260903,20260930
764405,1,1,1,1,1,1,1,20260903,20260930
764406,1,1,1,1,1,1,1,20260903,20260930
764407,1,1,1,1,1,1,1,20260903,20260930
764408,1,1,1,1,1,1,1,20260903,20260930
764409,1,1,1,1,1,1,1,20260903,20260930
764411,1,1,1,1,1,1,1,20260903,20260930
764412,1,1,1,1,1,1,1,20260903,20260930
764413,1,1,1,1,1,1,1,20260903,20260930
764414,1,1,1,1,1,1,1,20260903,20260930
764415,1,1,1,1,1,1,1,20260903,20260930
764416,1,1,1,1,1,1,1,20260903,20260930
764418,1,1,1,1,1,1,1,20260903,20260930
764419,1,1,1,1,1,1,1,20260903,20260930
764420,1,1,1,1,1,1,1,20260903,20260930
763449,1,1,1,1,1,1,1,20260903,20260930
763450,1,1,1,1,1,1,1,20260903,20260930
763451,1,1,1,1,1,1,1,20260903,20260930
763454,1,1,1,1,1,1,1,20260903,20260930
763455,1,1,1,1,1,1,1,20260903,20260930
763456,1,1,1,1,1,1,1,20260903,20260930
763457,1,1,1,1,1,1,1,20260903,20260930
763458,1,1,1,1,1,1,1,20260903,20260930
763459,1,1,1,1,1,1,1,20260903,20260930
763460,1,1,1,1,1,1,1,20260903,20260930
763461,1,1,1,1,1,1,1,20260903,20260930
763462,1,1,1,1,1,1,1,20260903,20260930
763463,1,1,1,1,1,1,1,20260903,20260930
763464,1,1,1,1,1,1,1,20260903,20260930
764422,1,1,1,1,1,1,1,20260903,20260930
764423,1,1,1,1,1,1,1,20260903,20260930
764424,1,1,1,1,1,1,1,20260903,20260930
764425,1,1,1,1,1,1,1,20260903,20260930
764426,1,1,1,1,1,1,1,20260903,20260930
764427,1,1,1,1,1,1,1,20260903,20260930
764428,1,1,1,1,1,1,1,20260903,20260930
764429,1,1,1,1,1,1,1,20260903,20260930
764430,1,1,1,1,1,1,1,20260903,20260930
764431,1,1,1,1,1,1,1,20260903,20260930
764432,1,1,1,1,1,1,1,20260903,20260930
764434,1,1,1,1,1,1,1,20260903,20260930
764435,1,1,1,1,1,1,1,20260903,20260930
764436,1,1,1,1,1,1,1,20260903,20260930
764437,1,1,1,1,1,1,1,20260903,20260930
764438,1,1,1,1,1,1,1,20260903,20260930
764439,1,1,1,1,1,1,1,20260903,20260930
764440,1,1,1,1,1,1,1,20260903,20260930
764441,1,1,1,1,1,1,1,20260903,20260930
764442,1,1,1,1,1,1,1,20260903,20260930
764443,1,1,1,1,1,1,1,20260903,20260930
764444,1,1,1,1,1,1,1,20260903,20260930
764445,1,1,1,1,1,1,1,20260903,20260930
764446,1,1,1,1,1,1,1,20260903,20260930
764447,1,1,1,1,1,1,1,20260903,20260930
764449,1,1,1,1,1,1,1,20260903,20260930
764450,1,1,1,1,1,1,1,20260903,20260930
764451,1,1,1,1,1,1,1,20260903,20260930
763465,1,1,1,1,1,1,1,20260903,20260930
763466,1,1,1,1,1,1,1,20260903,20260930
763467,1,1,1,1,1,1,1,20260903,20260930
763468,1,1,1,1,1,1,1,20260903,20260930
763469,1,1,1,1,1,1,1,20260903,20260930
763470,1,1,1,1,1,1,1,20260903,20260930
763471,1,1,1,1,1,1,1,20260903,20260930
763472,1,1,1,1,1,1,1,20260903,20260930
763473,1,1,1,1,1,1,1,20260903,20260930
763474,1,1,1,1,1,1,1,20260903,20260930
763475,1,1,1,1,1,1,1,20260903,20260930
763476,1,1,1,1,1,1,1,20260903,20260930
763477,1,1,1,1,1,1,1,20260903,20260930
763478,1,1,1,1,1,1,1,20260903,20260930
763479,1,1,1,1,1,1,1,20260903,20260930
763480,1,1,1,1,1,1,1,20260903,20260930
763481,1,1,1,1,1,1,1,20260903,20260930
764452,1,1,1,1,1,1,1,20260903,20260930
764454,1,1,1,1,1,1,1,20260903,20260930
764455,1,1,1,1,1,1,1,20260903,20260930
764456,1,1,1,1,1,1,1,20260903,20260930
764457,1,1,1,1,1,1,1,20260903,20260930
764460,1,1,1,1,1,1,1,20260903,20260930
764461,1,1,1,1,1,1,1,20260903,20260930
764462,1,1,1,1,1,1,1,20260903,20260930
764463,1,1,1,1,1,1,1,20260903,20260930
764464,1,1,1,1,1,1,1,20260903,20260930
764465,1,1,1,1,1,1,1,20260903,20260930
763482,1,1,1,1,1,1,1,20260903,20260930
763483,1,1,1,1,1,1,1,20260903,20260930
763486,1,1,1,1,1,1,1,20260903,20260930
763487,1,1,1,1,1,1,1,20260903,20260930
763488,1,1,1,1,1,1,1,20260903,20260930
763489,1,1,1,1,1,1,1,20260903,20260930
763490,1,1,1,1,1,1,1,20260903,20260930
763491,1,1,1,1,1,1,1,20260903,20260930
763492,1,1,1,1,1,1,1,20260903,20260930
763493,1,1,1,1,1,1,1,20260903,20260930
763494,1,1,1,1,1,1,1,20260903,20260930
763495,1,1,1,1,1,1,1,20260903,20260930
763496,1,1,1,1,1,1,1,20260903,20260930
763497,1,1,1,1,1,1,1,20260903,20260930
764468,1,1,1,1,1,1,1,20260903,20260930
764469,1,1,1,1,1,1,1,20260903,20260930
764470,1,1,1,1,1,1,1,20260903,20260930
764471,1,1,1,1,1,1,1,20260903,20260930
764473,1,1,1,1,1,1,1,20260903,20260930
764474,1,1,1,1,1,1,1,20260903,20260930
764475,1,1,1,1,1,1,1,20260903,20260930
764476,1,1,1,1,1,1,1,20260903,20260930
764477,1,1,1,1,1,1,1,20260903,20260930
764478,1,1,1,1,1,1,1,20260903,20260930
764479,1,1,1,1,1,1,1,20260903,20260930
764480,1,1,1,1,1,1,1,20260903,20260930
764481,1,1,1,1,1,1,1,20260903,20260930
764482,1,1,1,1,1,1,1,20260903,20260930
764483,1,1,1,1,1,1,1,20260903,20260930
764484,1,1,1,1,1,1,1,20260903,20260930
763498,1,1,1,1,1,1,1,20260903,20260930
763499,1,1,1,1,1,1,1,20260903,20260930
763500,1,1,1,1,1,1,1,20260903,20260930
763501,1,1,1,1,1,1,1,20260903,20260930
763502,1,1,1,1,1,1,1,20260903,20260930
763503,1,1,1,1,1,1,1,20260903,20260930
763504,1,1,1,1,1,1,1,20260903,20260930
763505,1,1,1,1,1,1,1,20260903,20260930
763506,1,1,1,1,1,1,1,20260903,20260930
763507,1,1,1,1,1,1,1,20260903,20260930
763508,1,1,1,1,1,1,1,20260903,20260930
763509,1,1,1,1,1,1,1,20260903,20260930
763510,1,1,1,1,1,1,1,20260903,20260930
763511,1,1,1,1,1,1,1,20260903,20260930
763512,1,1,1,1,1,1,1,20260903,20260930
763513,1,1,1,1,1,1,1,20260903,20260930
763514,1,1,1,1,1,1,1,20260903,20260930
763515,1,1,1,1,1,1,1,20260903,20260930
764485,1,1,1,1,1,1,1,20260903,20260930
764486,1,1,1,1,1,1,1,20260903,20260930
764487,1,1,1,1,1,1,1,20260903,20260930
764488,1,1,1,1,1,1,1,20260903,20260930
764489,1,1,1,1,1,1,1,20260903,20260930
764490,1,1,1,1,1,1,1,20260903,20260930
764491,1,1,1,1,1,1,1,20260903,20260930
764492,1,1,1,1,1,1,1,20260903,20260930
764495,1,1,1,1,1,1,1,20260903,20260930
764496,1,1,1,1,1,1,1,20260903,20260930
764497,1,1,1,1,1,1,1,20260903,20260930
764498,1,1,1,1,1,1,1,20260903,20260930
764499,1,1,1,1,1,1,1,20260903,20260930
764500,1,1,1,1,1,1,1,20260903,20260930
764501,1,1,1,1,1,1,1,20260903,20260930
764502,1,1,1,1,1,1,1,20260903,20260930
764503,1,1,1,1,1,1,1,20260903,20260930
764504,1,1,1,1,1,1,1,20260903,20260930
764506,1,1,1,1,1,1,1,20260903,20260930
764507,1,1,1,1,1,1,1,20260903,20260930
764509,1,1,1,1,1,1,1,20260903,20260930
764510,1,1,1,1,1,1,1,20260903,20260930
764512,1,1,1,1,1,1,1,20260903,20260930
764513,1,1,1,1,1,1,1,20260903,20260930
764514,1,1,1,1,1,1,1,20260903,20260930
764515,1,1,1,1,1,1,1,20260903,20260930
764516,1,1,1,1,1,1,1,20260903,20260930
764517,1,1,1,1,1,1,1,20260903,20260930
764519,1,1,1,1,1,1,1,20260903,20260930
764520,1,1,1,1,1,1,1,20260903,20260930
764522,1,1,1,1,1,1,1,20260903,20260930
764523,1,1,1,1,1,1,1,20260903,20260930
764524,1,1,1,1,1,1,1,20260903,20260930
764525,1,1,1,1,1,1,1,20260903,20260930
764526,1,1,1,1,1,1,1,20260903,20260930
764527,1,1,1,1,1,1,1,20260903,20260930
764530,1,1,1,1,1,1,1,20260903,20260930
764531,1,1,1,1,1,1,1,20260903,20260930
764532,1,1,1,1,1,1,1,20260903,20260930
764533,1,1,1,1,1,1,1,20260903,20260930
764536,1,1,1,1,1,1,1,20260903,20260930
764537,1,1,1,1,1,1,1,20260903,20260930
764538,1,1,1,1,1,1,1,20260903,20260930
764539,1,1,1,1,1,1,1,20260903,20260930
764540,1,1,1,1,1,1,1,20260903,20260930
764541,1,1,1,1,1,1,1,20260903,20260930
764544,1,1,1,1,1,1,1,20260903,20260930
764545,1,1,1,1,1,1,1,20260903,20260930
764547,1,1,1,1,1,1,1,20260903,20260930
764548,1,1,1,1,1,1,1,20260903,20260930
764551,1,1,1,1,1,1,1,20260903,20260930
764552,1,1,1,1,1,1,1,20260903,20260930
764553,1,1,1,1,1,1,1,20260903,20260930
764554,1,1,1,1,1,1,1,20260903,20260930
764555,1,1,1,1,1,1,1,20260903,20260930
764556,1,1,1,1,1,1,1,20260903,20260930
764557,1,1,1,1,1,1,1,20260903,20260930
764558,1,1,1,1,1,1,1,20260903,20260930
764559,1,1,1,1,1,1,1,20260903,20260930
764560,1,1,1,1,1,1,1,20260903,20260930
764562,1,1,1,1,1,1,1,20260903,20260930
764563,1,1,1,1,1,1,1,20260903,20260930
764564,1,1,1,1,1,1,1,20260903,20260930
764565,1,1,1,1,1,1,1,20260903,20260930
764566,1,1,1,1,1,1,1,20260903,20260930
764567,1,1,1,1,1,1,1,20260903,20260930
764568,1,1,1,1,1,1,1,20260903,20260930
764569,1,1,1,1,1,1,1,20260903,20260930
764572,1,1,1,1,1,1,1,20260903,20260930
764573,1,1,1,1,1,1,1,20260903,20260930
764574,1,1,1,1,1,1,1,20260903,20260930
764575,1,1,1,1,1,1,1,20260903,20260930
764577,1,1,1,1,1,1,1,20260903,20260930
764578,1,1,1,1,1,1,1,20260903,20260930
764579,1,1,1,1,1,1,1,20260903,20260930
764581,1,1,1,1,1,1,1,20260903,20260930
764582,1,1,1,1,1,1,1,20260903,20260930
764583,1,1,1,1,1,1,1,20260903,20260930
764584,1,1,1,1,1,1,1,20260903,20260930
764585,1,1,1,1,1,1,1,20260903,20260930
764586,1,1,1,1,1,1,1,20260903,20260930
764588,1,1,1,1,1,1,1,20260903,20260930
764589,1,1,1,1,1,1,1,20260903,20260930
764590,1,1,1,1,1,1,1,20260903,20260930
764591,1,1,1,1,1,1,1,20260903,20260930
764593,1,1,1,1,1,1,1,20260903,20260930
764594,1,1,1,1,1,1,1,20260903,20260930
764596,1,1,1,1,1,1,1,20260903,20260930
764597,1,1,1,1,1,1,1,20260903,20260930
764602,1,1,1,1,1,1,1,20260903,20260930
764603,1,1,1,1,1,1,1,20260903,20260930
764605,1,1,1,1,1,1,1,20260903,20260930
764606,1,1,1,1,1,1,1,20260903,20260930
764607,1,1,1,1,1,1,1,20260903,20260930
764608,1,1,1,1,1,1,1,20260903,20260930
764610,1,1,1,1,1,1,1,20260903,20260930
764611,1,1,1,1,1,1,1,20260903,20260930
764613,1,1,1,1,1,1,1,20260903,20260930
764620,1,1,1,1,1,1,1,20260903,20260930
764621,1,1,1,1,1,1,1,20260903,20260930
764622,1,1,1,1,1,1,1,20260903,20260930
764623,1,1,1,1,1,1,1,20260903,20260930
764624,1,1,1,1,1,1,1,20260903,20260930
764625,1,1,1,1,1,1,1,20260903,20260930
764626,1,1,1,1,1,1,1,20260903,20260930
764627,1,1,1,1,1,1,1,20260903,20260930
764628,1,1,1,1,1,1,1,20260903,20260930
764629,1,1,1,1,1,1,1,20260903,20260930
764630,1,1,1,1,1,1,1,20260903,20260930
764631,1,1,1,1,1,1,1,20260903,20260930
764632,1,1,1,1,1,1,1,20260903,20260930
764633,1,1,1,1,1,1,1,20260903,20260930
764634,1,1,1,1,1,1,1,20260903,20260930
764635,1,1,1,1,1,1,1,20260903,20260930
764636,1,1,1,1,1,1,1,20260903,20260930
764637,1,1,1,1,1,1,1,20260903,20260930
764638,1,1,1,1,1,1,1,20260903,20260930
764639,1,1,1,1,1,1,1,20260903,20260930
764640,1,1,1,1,1,1,1,20260903,20260930
764641,1,1,1,1,1,1,1,20260903,20260930
764642,1,1,1,1,1,1,1,20260903,20260930
764643,1,1,1,1,1,1,1,20260903,20260930
764644,1,1,1,1,1,1,1,20260903,20260930
764645,1,1,1,1,1,1,1,20260903,20260930
764646,1,1,1,1,1,1,1,20260903,20260930
764647,1,1,1,1,1,1,1,20260903,20260930
764648,1,1,1,1,1,1,1,20260903,20260930
764649,1,1,1,1,1,1,1,20260903,20260930
764650,1,1,1,1,1,1,1,20260903,20260930
764651,1,1,1,1,1,1,1,20260903,20260930
764652,1,1,1,1,1,1,1,20260903,20260930
764653,1,1,1,1,1,1,1,20260903,20260930
764654,1,1,1,1,1,1,1,20260903,20260930
764655,1,1,1,1,1,1,1,20260903,20260930
764656,1,1,1,1,1,1,1,20260903,20260930
764657,1,1,1,1,1,1,1,20260903,20260930
764659,1,1,1,1,1,1,1,20260903,20260930
764661,1,1,1,1,1,1,1,20260903,20260930
764662,1,1,1,1,1,1,1,20260903,20260930
764663,1,1,1,1,1,1,1,20260903,20260930
764664,1,1,1,1,1,1,1,20260903,20260930
764665,1,1,1,1,1,1,1,20260903,20260930
764666,1,1,1,1,1,1,1,20260903,20260930
764667,1,1,1,1,1,1,1,20260903,20260930
764668,1,1,1,1,1,1,1,20260903,20260930
764669,1,1,1,1,1,1,1,20260903,20260930
764670,1,1,1,1,1,1,1,20260903,20260930
764671,1,1,1,1,1,1,1,20260903,20260930
764672,1,1,1,1,1,1,1,20260903,20260930
764673,1,1,1,1,1,1,1,20260903,20260930
764674,1,1,1,1,1,1,1,20260903,20260930
764675,1,1,1,1,1,1,1,20260903,20260930
764676,1,1,1,1,1,1,1,20260903,20260930
764677,1,1,1,1,1,1,1,20260903,20260930
764678,1,1,1,1,1,1,1,20260903,20260930
764679,1,1,1,1,1,1,1,20260903,20260930
764680,1,1,1,1,1,1,1,20260903,20260930
764681,1,1,1,1,1,1,1,20260903,20260930
764682,1,1,1,1,1,1,1,20260903,20260930
764683,1,1,1,1,1,1,1,20260903,20260930
764684,1,1,1,1,1,1,1,20260903,20260930
764685,1,1,1,1,1,1,1,20260903,20260930
764686,1,1,1,1,1,1,1,20260903,20260930
764687,1,1,1,1,1,1,1,20260903,20260930
764688,1,1,1,1,1,1,1,20260903,20260930
764689,1,1,1,1,1,1,1,20260903,20260930
764690,1,1,1,1,1,1,1,20260903,20260930
764691,1,1,1,1,1,1,1,20260903,20260930
764692,1,1,1,1,1,1,1,20260903,20260930
764693,1,1,1,1,1,1,1,20260903,20260930
764694,1,1,1,1,1,1,1,20260903,20260930
764695,1,1,1,1,1,1,1,20260903,20260930
764696,1,1,1,1,1,1,1,20260903,20260930
764697,1,1,1,1,1,1,1,20260903,20260930
764698,1,1,1,1,1,1,1,20260903,20260930
764700,1,1,1,1,1,1,1,20260903,20260930
764701,1,1,1,1,1,1,1,20260903,20260930
764702,1,1,1,1,1,1,1,20260903,20260930
764703,1,1,1,1,1,1,1,20260903,20260930
764704,1,1,1,1,1,1,1,20260903,20260930
764705,1,1,1,1,1,1,1,20260903,20260930
764706,1,1,1,1,1,1,1,20260903,20260930
764707,1,1,1,1,1,1,1,20260903,20260930
764708,1,1,1,1,1,1,1,20260903,20260930
764710,1,1,1,1,1,1,1,20260903,20260930
764711,1,1,1,1,1,1,1,20260903,20260930
764712,1,1,1,1,1,1,1,20260903,20260930
764713,1,1,1,1,1,1,1,20260903,20260930
764714,1,1,1,1,1,1,1,20260903,20260930
764715,1,1,1,1,1,1,1,20260903,20260930
764716,1,1,1,1,1,1,1,20260903,20260930
764717,1,1,1,1,1,1,1,20260903,20260930
764718,1,1,1,1,1,1,1,20260903,20260930
764719,1,1,1,1,1,1,1,20260903,20260930
764721,1,1,1,1,1,1,1,20260903,20260930
764722,1,1,1,1,1,1,1,20260903,20260930
764723,1,1,1,1,1,1,1,20260903,20260930
764724,1,1,1,1,1,1,1,20260903,20260930
764725,1,1,1,1,1,1,1,20260903,20260930
764726,1,1,1,1,1,1,1,20260903,20260930
764727,1,1,1,1,1,1,1,20260903,20260930
764728,1,1,1,1,1,1,1,20260903,20260930
764729,1,1,1,1,1,1,1,20260903,20260930
764730,1,1,1,1,1,1,1,20260903,20260930
764733,1,1,1,1,1,1,1,20260903,20260930
764734,1,1,1,1,1,1,1,20260903,20260930
764735,1,1,1,1,1,1,1,20260903,20260930
764736,1,1,1,1,1,1,1,20260903,20260930
764737,1,1,1,1,1,1,1,20260903,20260930
764738,1,1,1,1,1,1,1,20260903,20260930
764739,1,1,1,1,1,1,1,20260903,20260930
764740,1,1,1,1,1,1,1,20260903,20260930
764741,1,1,1,1,1,1,1,20260903,20260930
764742,1,1,1,1,1,1,1,20260903,20260930
764743,1,1,1,1,1,1,1,20260903,20260930
764744,1,1,1,1,1,1,1,20260903,20260930
764745,1,1,1,1,1,1,1,20260903,20260930
764746,1,1,1,1,1,1,1,20260903,20260930
764747,1,1,1,1,1,1,1,20260903,20260930
764748,1,1,1,1,1,1,1,20260903,20260930
764750,1,1,1,1,1,1,1,20260903,20260930
764751,1,1,1,1,1,1,1,20260903,20260930
764752,1,1,1,1,1,1,1,20260903,20260930
764753,1,1,1,1,1,1,1,20260903,20260930
764755,1,1,1,1,1,1,1,20260903,20260930
764756,1,1,1,1,1,1,1,20260903,20260930
764757,1,1,1,1,1,1,1,20260903,20260930
764758,1,1,1,1,1,1,1,20260903,20260930
764759,1,1,1,1,1,1,1,20260903,20260930
764760,1,1,1,1,1,1,1,20260903,20260930
764761,1,1,1,1,1,1,1,20260903,20260930
764762,1,1,1,1,1,1,1,20260903,20260930
764763,1,1,1,1,1,1,1,20260903,20260930
764764,1,1,1,1,1,1,1,20260903,20260930
