route_id,service_id,trip_id,trip_headsign,trip_short_name,direction_id,block_id,shape_id,wheelchair_accessible
2155,763623,763623,,,0,48330,1,
2152,763624,763624,,,1,48330,2,
2155,763625,763625,,,0,48330,1,
2152,763626,763626,,,1,48330,2,
2155,763627,763627,,,0,48330,1,
2152,763628,763628,,,1,48330,2,
2155,763629,763629,,,0,48330,1,
2152,763630,763630,,,1,48330,2,
2155,763631,763631,,,0,48330,1,
2152,763632,763632,,,1,48330,2,
2155,763633,763633,,,0,48330,1,
2155,763636,763636,,,0,48331,1,
2152,763637,763637,,,1,48331,2,
2155,763638,763638,,,0,48331,1,
39,763639,763639,,,1,48331,3,
54,763640,763640,,,0,48331,4,
2152,763641,763641,,,1,48331,2,
2155,763642,763642,,,0,48331,1,
2152,763643,763643,,,1,48331,2,
2155,763644,763644,,,0,48331,1,
2152,763645,763645,,,1,48331,2,
2155,763646,763646,,,0,48331,1,
2152,763647,763647,,,1,48331,2,
2155,763648,763648,,,0,48331,1,
2152,763649,763649,,,1,48331,2,
2155,763650,763650,,,0,48331,1,
2152,763651,763651,,,1,48331,2,
2155,763652,763652,,,0,48331,1,
2152,763653,763653,,,1,48331,2,
2155,763654,763654,,,0,48331,1,
2152,763655,763655,,,1,48331,2,
2155,763656,763656,,,0,48331,1,
2152,763657,763657,,,1,48331,2,
2155,763658,763658,,,0,48331,1,
2152,763659,763659,,,1,48331,2,
2155,763660,763660,,,0,48331,1,
2152,763661,763661,,,1,48331,2,
2155,763662,763662,,,0,48331,1,
2152,763663,763663,,,1,48331,2,
2155,763664,763664,,,0,48331,1,
2152,763665,763665,,,1,48331,2,
2155,763666,763666,,,0,48331,1,
2152,763667,763667,,,1,48331,2,
2381,763669,763669,,,1,48331,5,
2497,763670,763670,,,0,48331,6,
692,763671,763671,,,1,48331,7,
872,763672,763672,,,0,48331,8,
327,763675,763675,,,1,48332,9,
336,763676,763676,,,0,48332,10,
2152,763677,763677,,,1,48332,2,
2155,763678,763678,,,0,48332,1,
2152,763679,763679,,,1,48332,2,
2155,763680,763680,,,0,48332,1,
2152,763681,763681,,,1,48332,2,
2155,763682,763682,,,0,48332,1,
2152,763683,763683,,,1,48332,2,
2155,763684,763684,,,0,48332,1,
2152,763685,763685,,,1,48332,2,
2155,763686,763686,,,0,48332,1,
2152,763687,763687,,,1,48332,2,
2155,763688,763688,,,0,48332,1,
2152,763689,763689,,,1,48332,2,
2155,763690,763690,,,0,48332,1,
2152,763691,763691,,,1,48332,2,
2155,763692,763692,,,0,48332,1,
2152,763693,763693,,,1,48332,2,
2155,763694,763694,,,0,48332,1,
2152,763695,763695,,,1,48332,2,
2155,763696,763696,,,0,48332,1,
2152,763697,763697,,,1,48332,2,
2155,763698,763698,,,0,48332,1,
2152,763699,763699,,,1,48332,2,
2155,763700,763700,,,0,48332,1,
2152,763701,763701,,,1,48332,2,
2155,763702,763702,,,0,48332,1,
2152,763703,763703,,,1,48332,2,
2155,763704,763704,,,0,48332,1,
327,763705,763705,,,1,48332,9,
336,763706,763706,,,0,48332,10,
1262,763709,763709,,,1,48333,11,
309,763710,763710,,,0,48333,12,
258,763711,763711,,,1,48333,13,
8,763712,763712,,,0,48333,14,
1529,763713,763713,,,1,48333,15,
8,763714,763714,,,0,48333,14,
1529,763715,763715,,,1,48333,15,
8,763716,763716,,,0,48333,14,
1529,763717,763717,,,1,48333,15,
8,763718,763718,,,0,48333,14,
1529,763719,763719,,,1,48333,15,
8,763720,763720,,,0,48333,14,
1529,763721,763721,,,1,48333,15,
8,763722,763722,,,0,48333,14,
1529,763723,763723,,,1,48333,15,
8,763724,763724,,,0,48333,14,
1529,763725,763725,,,1,48333,15,
8,763726,763726,,,0,48333,14,
1529,763727,763727,,,1,48333,15,
8,763728,763728,,,0,48333,14,
27,763729,763729,,,1,48333,16,
25,763730,763730,,,0,48333,17,
1,763732,763732,,,1,48333,18,
360,763733,763733,,,0,48333,19,
385,763734,763734,,,1,48333,20,
11,763735,763735,,,0,48333,21,
2242,763738,763738,,,1,48334,22,
288,763739,763739,,,1,48334,23,
11,763740,763740,,,0,48334,21,
1529,763742,763742,,,1,48334,15,
8,763743,763743,,,0,48334,14,
27,763744,763744,,,1,48334,16,
25,763745,763745,,,0,48334,17,
1529,763746,763746,,,1,48334,15,
2868,763747,763747,,,1,48334,24,
2867,763748,763748,,,0,48334,25,
8,763749,763749,,,0,48334,14,
27,763750,763750,,,1,48334,16,
25,763751,763751,,,0,48334,17,
27,763752,763752,,,1,48334,16,
25,763753,763753,,,0,48334,17,
27,763754,763754,,,1,48334,16,
25,763755,763755,,,0,48334,17,
1529,763756,763756,,,1,48334,15,
8,763757,763757,,,0,48334,14,
1529,763758,763758,,,1,48334,15,
8,763759,763759,,,0,48334,14,
2499,763761,763761,,,0,48334,26,
2242,763763,763763,,,1,48334,22,
2276,763764,763764,,,0,48334,27,
2499,763767,763767,,,0,48335,26,
1831,761614,761614,,,1,48078,28,
1689,761615,761615,,,0,48078,29,
1682,761653,761653,,,1,48078,30,
1744,761654,761654,,,0,48078,31,
1831,761655,761655,,,1,48078,28,
1744,761656,761656,,,0,48078,31,
1831,761657,761657,,,1,48078,28,
1689,761658,761658,,,0,48078,29,
1682,761659,761659,,,1,48078,30,
1689,761660,761660,,,0,48078,29,
1682,761661,761661,,,1,48078,30,
1689,761662,761662,,,0,48078,29,
1682,761663,761663,,,1,48078,30,
1689,761664,761664,,,0,48078,29,
1682,761665,761665,,,1,48078,30,
1529,762318,762318,,,1,47701,15,
2242,762319,762319,,,1,48291,22,
258,762320,762320,,,1,47717,13,
2501,762321,762321,,,1,48305,32,
2155,762322,762322,,,0,47706,1,
1529,762323,762323,,,1,47705,15,
2868,762324,762324,,,1,47705,24,
2867,762325,762325,,,0,47705,25,
8,762326,762326,,,0,47705,14,
27,762327,762327,,,1,48108,16,
25,762328,762328,,,0,48108,17,
27,762329,762329,,,1,48108,16,
25,762330,762330,,,0,48108,17,
1529,762331,762331,,,1,47748,15,
8,762332,762332,,,0,47739,14,
1831,761184,761184,,,1,48068,28,
1689,761185,761185,,,0,48068,29,
1682,761186,761186,,,1,48068,30,
1689,761187,761187,,,0,48068,29,
1682,761188,761188,,,1,48068,30,
1744,761189,761189,,,0,48068,31,
1831,761190,761190,,,1,48068,28,
1744,761191,761191,,,0,48068,31,
1831,761225,761225,,,1,48068,28,
1744,761226,761226,,,0,48068,31,
1,762866,762866,,,1,47720,18,
16,762868,762868,,,0,47732,33,
9,762869,762869,,,1,47734,34,
1689,761666,761666,,,0,48078,29,
1682,761667,761667,,,1,48078,30,
1689,761668,761668,,,0,48078,29,
1682,761669,761669,,,1,48078,30,
1689,761670,761670,,,0,48078,29,
1682,761690,761690,,,1,48078,30,
1689,761691,761691,,,0,48078,29,
1682,761692,761692,,,1,48078,30,
1689,761693,761693,,,0,48078,29,
1682,761694,761694,,,1,48078,30,
1689,761695,761695,,,0,48078,29,
42,761696,761696,,,0,48078,35,
1831,761699,761699,,,1,48079,28,
1689,761700,761700,,,0,48079,29,
1529,762333,762333,,,1,47749,15,
1529,762334,762334,,,1,48122,15,
8,762335,762335,,,0,48122,14,
1529,762336,762336,,,1,48122,15,
8,762354,762354,,,0,48122,14,
1529,762355,762355,,,1,48122,15,
8,762356,762356,,,0,48122,14,
1529,762357,762357,,,1,48122,15,
8,762358,762358,,,0,48122,14,
2381,762359,762359,,,1,48292,5,
2497,762360,762360,,,0,48292,6,
692,762361,762361,,,1,48116,7,
872,762362,762362,,,0,48116,8,
2242,762364,762364,,,1,47748,22,
258,762365,762365,,,1,47717,13,
8,762366,762366,,,0,47717,14,
1529,762367,762367,,,1,48299,15,
1831,761227,761227,,,1,48068,28,
1744,761228,761228,,,0,48068,31,
1831,761229,761229,,,1,48068,28,
1744,761230,761230,,,0,48068,31,
1831,761231,761231,,,1,48068,28,
1744,761232,761232,,,0,48068,31,
1831,761233,761233,,,1,48068,28,
1744,761234,761234,,,0,48068,31,
1831,761235,761235,,,1,48068,28,
1744,761236,761236,,,0,48068,31,
1831,761237,761237,,,1,48068,28,
1744,761238,761238,,,0,48068,31,
1831,761239,761239,,,1,48068,28,
1744,761240,761240,,,0,48068,31,
9,762870,762870,,,1,47743,34,
2263,762872,762872,,,0,47697,36,
44,762874,762874,,,0,47702,37,
54,762875,762875,,,0,47732,4,
6,762883,762883,,,1,48292,38,
2266,762810,762810,,,1,47787,39,
2290,762811,762811,,,0,47787,40,
2140,762812,762812,,,1,47787,41,
2140,762813,762813,,,1,47787,41,
2140,762814,762814,,,1,47787,41,
2140,762815,762815,,,1,47787,41,
2697,762837,762837,,,1,47788,42,
2698,762838,762838,,,1,47788,43,
2698,762839,762839,,,1,47788,43,
1682,761701,761701,,,1,48079,30,
1689,761702,761702,,,0,48079,29,
1682,761703,761703,,,1,48079,30,
1689,761704,761704,,,0,48079,29,
1682,761705,761705,,,1,48079,30,
1689,761725,761725,,,0,48079,29,
1682,761726,761726,,,1,48079,30,
1689,761727,761727,,,0,48079,29,
1682,761728,761728,,,1,48079,30,
1689,761729,761729,,,0,48079,29,
1682,761730,761730,,,1,48079,30,
1689,761731,761731,,,0,48079,29,
1682,761732,761732,,,1,48079,30,
1689,761733,761733,,,0,48079,29,
1682,761734,761734,,,1,48079,30,
1689,761735,761735,,,0,48079,29,
1682,761736,761736,,,1,48079,30,
1689,761737,761737,,,0,48079,29,
14,761262,761262,,,1,48069,44,
1682,761263,761263,,,1,48069,30,
1744,761264,761264,,,0,48069,31,
1831,761265,761265,,,1,48069,28,
1744,761266,761266,,,0,48069,31,
1831,761267,761267,,,1,48069,28,
1744,761268,761268,,,0,48069,31,
1831,761269,761269,,,1,48069,28,
1744,761270,761270,,,0,48069,31,
1831,761271,761271,,,1,48069,28,
1744,761272,761272,,,0,48069,31,
1831,761273,761273,,,1,48069,28,
1744,761274,761274,,,0,48069,31,
1831,761275,761275,,,1,48069,28,
1744,761276,761276,,,0,48069,31,
1831,761277,761277,,,1,48069,28,
1744,761278,761278,,,0,48069,31,
8,762368,762368,,,0,48303,14,
1529,762369,762369,,,1,47748,15,
8,762370,762370,,,0,47748,14,
1529,762371,762371,,,1,48303,15,
8,762372,762372,,,0,48303,14,
1529,762373,762373,,,1,47705,15,
1529,762374,762374,,,1,48303,15,
1529,762375,762375,,,1,48303,15,
8,762376,762376,,,0,47708,14,
1529,762377,762377,,,1,47708,15,
8,762378,762378,,,0,47708,14,
1529,762379,762379,,,1,48106,15,
8,762380,762380,,,0,48106,14,
1529,762381,762381,,,1,47701,15,
8,762382,762382,,,0,47701,14,
1529,762383,762383,,,1,47701,15,
343,762384,762384,,,0,47701,45,
2276,762385,762385,,,0,48106,27,
1682,761738,761738,,,1,48079,30,
1689,761739,761739,,,0,48079,29,
1682,761740,761740,,,1,48079,30,
1689,761741,761741,,,0,48079,29,
1682,761742,761742,,,1,48079,30,
1744,761778,761778,,,0,48079,31,
1831,761781,761781,,,1,48080,28,
1689,761782,761782,,,0,48080,29,
1682,761783,761783,,,1,48080,30,
1689,761784,761784,,,0,48080,29,
1682,761785,761785,,,1,48080,30,
1689,761786,761786,,,0,48080,29,
1682,761787,761787,,,1,48080,30,
1689,761788,761788,,,0,48080,29,
1372,762388,762388,,,1,47711,46,
8,762389,762389,,,0,47711,14,
1529,762427,762427,,,1,47717,15,
8,762428,762428,,,0,47747,14,
1529,762429,762429,,,1,47701,15,
8,762430,762430,,,0,47701,14,
1529,762431,762431,,,1,47748,15,
8,762432,762432,,,0,47748,14,
8,762433,762433,,,0,48303,14,
2868,762434,762434,,,1,47739,24,
2867,762435,762435,,,0,47739,25,
8,762436,762436,,,0,47739,14,
1529,762437,762437,,,1,47739,15,
8,762438,762438,,,0,48305,14,
27,762439,762439,,,1,48120,16,
25,762440,762440,,,0,48120,17,
1529,762441,762441,,,1,48106,15,
1831,761279,761279,,,1,48069,28,
1744,761280,761280,,,0,48069,31,
1831,761281,761281,,,1,48069,28,
1744,761282,761282,,,0,48069,31,
1831,761283,761283,,,1,48069,28,
1744,761284,761284,,,0,48069,31,
1831,761287,761287,,,1,48070,28,
1744,761288,761288,,,0,48070,31,
1831,761289,761289,,,1,48070,28,
1744,761290,761290,,,0,48070,31,
1831,761291,761291,,,1,48070,28,
1744,761292,761292,,,0,48070,31,
1831,761293,761293,,,1,48070,28,
1744,761294,761294,,,0,48070,31,
1831,761314,761314,,,1,48070,28,
1744,761315,761315,,,0,48070,31,
8,762442,762442,,,0,48106,14,
27,762443,762443,,,1,48120,16,
2241,762444,762444,,,0,48120,47,
2232,762445,762445,,,0,48120,48,
2242,762465,762465,,,1,48302,22,
2276,762466,762466,,,0,47722,27,
343,762467,762467,,,0,47722,45,
2259,762468,762468,,,0,47722,49,
2242,762469,762469,,,1,47748,22,
8,762471,762471,,,0,47743,14,
1529,762472,762472,,,1,48291,15,
8,762473,762473,,,0,48291,14,
1373,762475,762475,,,1,48291,50,
1682,761789,761789,,,1,48080,30,
1689,761790,761790,,,0,48080,29,
1682,761791,761791,,,1,48080,30,
1689,761792,761792,,,0,48080,29,
1682,761793,761793,,,1,48080,30,
1689,761830,761830,,,0,48080,29,
1682,761831,761831,,,1,48080,30,
1689,761832,761832,,,0,48080,29,
1682,761833,761833,,,1,48080,30,
1689,761834,761834,,,0,48080,29,
1682,761835,761835,,,1,48080,30,
1689,761836,761836,,,0,48080,29,
1682,761837,761837,,,1,48080,30,
1744,761838,761838,,,0,48080,31,
1831,761316,761316,,,1,48070,28,
1744,761317,761317,,,0,48070,31,
1831,761318,761318,,,1,48070,28,
1744,761319,761319,,,0,48070,31,
1831,761320,761320,,,1,48070,28,
1744,761321,761321,,,0,48070,31,
1831,761322,761322,,,1,48070,28,
1744,761323,761323,,,0,48070,31,
1831,761324,761324,,,1,48070,28,
1744,761325,761325,,,0,48070,31,
1831,761326,761326,,,1,48070,28,
1744,761327,761327,,,0,48070,31,
1831,761328,761328,,,1,48070,28,
1744,761329,761329,,,0,48070,31,
1831,761330,761330,,,1,48070,28,
1744,761331,761331,,,0,48070,31,
14,761334,761334,,,1,48071,44,
1682,761335,761335,,,1,48071,30,
1744,761336,761336,,,0,48071,31,
1831,761337,761337,,,1,48071,28,
1744,761338,761338,,,0,48071,31,
1831,761339,761339,,,1,48071,28,
1744,761340,761340,,,0,48071,31,
1831,761341,761341,,,1,48071,28,
1744,761342,761342,,,0,48071,31,
1831,761343,761343,,,1,48071,28,
1744,761344,761344,,,0,48071,31,
1831,761345,761345,,,1,48071,28,
1744,761346,761346,,,0,48071,31,
1831,761366,761366,,,1,48071,28,
1744,761367,761367,,,0,48071,31,
336,762476,762476,,,0,47753,10,
39,762477,762477,,,1,47746,3,
54,762478,762478,,,0,47746,4,
6,762479,762479,,,1,47754,38,
2285,762499,762499,,,1,47731,51,
2263,762500,762500,,,0,47731,36,
16,762501,762501,,,0,47734,33,
6,762502,762502,,,1,47734,38,
2263,762503,762503,,,0,48296,36,
39,762504,762504,,,1,48295,3,
54,762505,762505,,,0,48295,4,
39,762506,762506,,,1,47741,3,
54,762507,762507,,,0,47741,4,
39,762508,762508,,,1,47746,3,
54,762509,762509,,,0,47746,4,
417,762510,762510,,,1,47722,52,
843,762512,762512,,,1,48300,53,
1831,761841,761841,,,1,48083,28,
1744,761842,761842,,,0,48081,31,
1831,761843,761843,,,1,48081,28,
1689,761844,761844,,,0,48081,29,
1682,761845,761845,,,1,48081,30,
1689,761883,761883,,,0,48081,29,
1682,761884,761884,,,1,48081,30,
1689,761885,761885,,,0,48081,29,
1682,761886,761886,,,1,48081,30,
1689,761887,761887,,,0,48081,29,
1682,761888,761888,,,1,48081,30,
1689,761889,761889,,,0,48081,29,
1682,761890,761890,,,1,48081,30,
1689,761891,761891,,,0,48081,29,
1682,761892,761892,,,1,48081,30,
1689,761893,761893,,,0,48081,29,
1682,761894,761894,,,1,48081,30,
1689,761895,761895,,,0,48081,29,
1831,761368,761368,,,1,48071,28,
1744,761369,761369,,,0,48071,31,
1831,761370,761370,,,1,48071,28,
1744,761371,761371,,,0,48071,31,
1831,761372,761372,,,1,48071,28,
1744,761373,761373,,,0,48071,31,
1831,761374,761374,,,1,48071,28,
1744,761375,761375,,,0,48071,31,
1831,761376,761376,,,1,48071,28,
1744,761377,761377,,,0,48071,31,
1831,761380,761380,,,1,48072,28,
1744,761381,761381,,,0,48072,31,
1831,761382,761382,,,1,48072,28,
1744,761383,761383,,,0,48072,31,
2263,762513,762513,,,0,48300,36,
16,762514,762514,,,0,47697,33,
39,762515,762515,,,1,47753,3,
54,762516,762516,,,0,47753,4,
34,762517,762517,,,1,48292,54,
44,762554,762554,,,0,48292,37,
2152,762555,762555,,,1,48106,2,
2155,762556,762556,,,0,48106,1,
34,762557,762557,,,1,47751,54,
44,762558,762558,,,0,47751,37,
6,762559,762559,,,1,47702,38,
2285,762560,762560,,,1,48300,51,
2263,762561,762561,,,0,48116,36,
16,762562,762562,,,0,47754,33,
6,762563,762563,,,1,47754,38,
2285,762564,762564,,,1,48107,51,
2263,762565,762565,,,0,48107,36,
16,761137,761137,,,0,48116,33,
2152,761138,761138,,,1,48116,2,
1831,761384,761384,,,1,48072,28,
1744,761385,761385,,,0,48072,31,
1831,761386,761386,,,1,48072,28,
1744,761387,761387,,,0,48072,31,
1831,761388,761388,,,1,48072,28,
1744,761389,761389,,,0,48072,31,
1831,761390,761390,,,1,48072,28,
1744,761391,761391,,,0,48072,31,
1831,761392,761392,,,1,48072,28,
1744,761393,761393,,,0,48072,31,
1831,761394,761394,,,1,48072,28,
1744,761395,761395,,,0,48072,31,
1831,761396,761396,,,1,48072,28,
1744,761397,761397,,,0,48072,31,
1831,761398,761398,,,1,48072,28,
1744,761415,761415,,,0,48072,31,
1682,761896,761896,,,1,48081,30,
1689,761897,761897,,,0,48081,29,
1682,761898,761898,,,1,48081,30,
1689,761899,761899,,,0,48081,29,
42,761900,761900,,,0,48081,35,
14,761919,761919,,,1,48081,44,
42,761920,761920,,,0,48081,35,
14,761921,761921,,,1,48081,44,
42,761922,761922,,,0,48081,35,
14,761925,761925,,,1,48082,44,
1682,761926,761926,,,1,48082,30,
1689,761927,761927,,,0,48082,29,
1682,761928,761928,,,1,48082,30,
1689,761929,761929,,,0,48082,29,
14,761418,761418,,,1,48073,44,
42,761419,761419,,,0,48073,35,
14,761420,761420,,,1,48073,44,
42,761421,761421,,,0,48073,35,
14,761422,761422,,,1,48073,44,
42,761423,761423,,,0,48073,35,
14,761424,761424,,,1,48073,44,
42,761425,761425,,,0,48073,35,
14,761426,761426,,,1,48073,44,
42,761427,761427,,,0,48073,35,
14,761428,761428,,,1,48073,44,
42,761429,761429,,,0,48073,35,
14,761430,761430,,,1,48073,44,
42,761431,761431,,,0,48073,35,
14,761432,761432,,,1,48073,44,
2155,761139,761139,,,0,48116,1,
39,761140,761140,,,1,47751,3,
54,761141,761141,,,0,47751,4,
1377,761143,761143,,,1,47715,55,
25,761144,761144,,,0,47715,17,
27,761145,761145,,,1,47715,16,
2263,761146,761146,,,0,48112,36,
16,761147,761147,,,0,48114,33,
39,761148,761148,,,1,48291,3,
54,761149,761149,,,0,48291,4,
34,761150,761150,,,1,47708,54,
44,761151,761151,,,0,47708,37,
34,761152,761152,,,1,47753,54,
44,761153,761153,,,0,47753,37,
39,761154,761154,,,1,48292,3,
54,761155,761155,,,0,48292,4,
6,761156,761156,,,1,47732,38,
1682,761930,761930,,,1,48082,30,
1689,761931,761931,,,0,48082,29,
1682,761932,761932,,,1,48082,30,
1689,761933,761933,,,0,48082,29,
1682,761934,761934,,,1,48082,30,
1689,761971,761971,,,0,48082,29,
1682,761972,761972,,,1,48082,30,
1689,761973,761973,,,0,48082,29,
1682,761974,761974,,,1,48082,30,
1689,761975,761975,,,0,48082,29,
1682,761976,761976,,,1,48082,30,
1689,761977,761977,,,0,48082,29,
1682,761978,761978,,,1,48082,30,
1689,761979,761979,,,0,48082,29,
1682,761980,761980,,,1,48082,30,
1689,761981,761981,,,0,48082,29,
42,761433,761433,,,0,48073,35,
14,761434,761434,,,1,48073,44,
42,761435,761435,,,0,48073,35,
14,761436,761436,,,1,48073,44,
42,761437,761437,,,0,48073,35,
14,761438,761438,,,1,48073,44,
42,761439,761439,,,0,48073,35,
14,761440,761440,,,1,48073,44,
42,761441,761441,,,0,48073,35,
14,761442,761442,,,1,48073,44,
42,761443,761443,,,0,48073,35,
14,761444,761444,,,1,48073,44,
42,761445,761445,,,0,48073,35,
14,761446,761446,,,1,48073,44,
42,761447,761447,,,0,48073,35,
1682,761982,761982,,,1,48082,30,
1689,761983,761983,,,0,48082,29,
42,761984,761984,,,0,48082,35,
1831,762039,762039,,,1,48081,28,
1895,762040,762040,,,0,48083,56,
1977,762041,762041,,,1,48083,57,
1895,762042,762042,,,0,48083,56,
1977,762043,762043,,,1,48083,57,
1895,762044,762044,,,0,48083,56,
1977,762045,762045,,,1,48083,57,
1895,762046,762046,,,0,48083,56,
1977,762047,762047,,,1,48083,57,
1895,762048,762048,,,0,48083,56,
1977,762049,762049,,,1,48083,57,
1895,761117,761117,,,0,48083,56,
2285,761157,761157,,,1,48292,51,
2263,761158,761158,,,0,48292,36,
16,761159,761159,,,0,47734,33,
2152,761160,761160,,,1,47728,2,
2155,761161,761161,,,0,47728,1,
2152,761162,761162,,,1,47746,2,
2155,761163,761163,,,0,47746,1,
2152,761164,761164,,,1,47746,2,
2155,761165,761165,,,0,47746,1,
2249,761166,761166,,,1,48110,58,
265,761167,761167,,,0,48108,59,
410,761168,761168,,,0,47706,60,
1,761170,761170,,,1,47747,18,
11,761171,761171,,,0,47697,21,
1,761172,761172,,,1,47697,18,
2285,761173,761173,,,1,48293,51,
2263,761174,761174,,,0,48294,36,
1977,761118,761118,,,1,48083,57,
1895,761119,761119,,,0,48083,56,
1977,761120,761120,,,1,48083,57,
1895,761121,761121,,,0,48083,56,
1977,761122,761122,,,1,48083,57,
1895,761123,761123,,,0,48083,56,
1977,761124,761124,,,1,48083,57,
1895,761125,761125,,,0,48083,56,
1977,761126,761126,,,1,48083,57,
1895,761127,761127,,,0,48083,56,
1977,761128,761128,,,1,48083,57,
1895,761129,761129,,,0,48083,56,
1977,761130,761130,,,1,48083,57,
1744,761131,761131,,,0,48083,31,
14,761450,761450,,,1,48074,44,
42,761451,761451,,,0,48074,35,
14,761452,761452,,,1,48074,44,
42,761453,761453,,,0,48074,35,
14,761454,761454,,,1,48074,44,
42,761455,761455,,,0,48074,35,
14,761456,761456,,,1,48074,44,
42,761457,761457,,,0,48074,35,
14,761458,761458,,,1,48074,44,
42,761459,761459,,,0,48074,35,
14,761460,761460,,,1,48074,44,
42,761461,761461,,,0,48074,35,
14,761462,761462,,,1,48074,44,
42,761482,761482,,,0,48074,35,
14,761483,761483,,,1,48074,44,
16,761175,761175,,,0,48114,33,
6,761176,761176,,,1,48114,38,
2285,761177,761177,,,1,48110,51,
2263,761178,761178,,,0,48110,36,
16,761179,761179,,,0,47754,33,
6,761180,761180,,,1,47754,38,
39,761181,761181,,,1,47745,3,
54,761182,761182,,,0,47745,4,
39,761192,761192,,,1,47751,3,
54,761193,761193,,,0,47751,4,
39,761194,761194,,,1,47751,3,
54,761195,761195,,,0,47751,4,
34,761196,761196,,,1,48110,54,
44,761197,761197,,,0,48110,37,
6,761198,761198,,,1,47732,38,
2285,761199,761199,,,1,47752,51,
664,761200,761200,,,0,47752,61,
666,761201,761201,,,1,48112,62,
42,761484,761484,,,0,48074,35,
14,761485,761485,,,1,48074,44,
42,761486,761486,,,0,48074,35,
14,761487,761487,,,1,48074,44,
42,761488,761488,,,0,48074,35,
14,761489,761489,,,1,48074,44,
42,761490,761490,,,0,48074,35,
14,761491,761491,,,1,48074,44,
42,761492,761492,,,0,48074,35,
14,761493,761493,,,1,48074,44,
42,761494,761494,,,0,48074,35,
14,761497,761497,,,1,48075,44,
42,761498,761498,,,0,48075,35,
14,761516,761516,,,1,48075,44,
42,761517,761517,,,0,48075,35,
1831,761134,761134,,,1,48084,28,
1744,761135,761135,,,0,48084,31,
2811,761635,761635,,,1,48295,63,
2805,761636,761636,,,0,48295,64,
2800,761637,761637,,,1,48295,65,
2805,761638,761638,,,0,48295,64,
2798,761639,761639,,,1,48295,66,
2794,761640,761640,,,0,48295,67,
2800,761641,761641,,,1,48108,65,
2276,761642,761642,,,0,47705,27,
2800,761644,761644,,,1,47737,65,
2805,761645,761645,,,0,47737,64,
1431,761202,761202,,,0,48112,68,
951,761205,761205,,,1,47717,69,
1027,761206,761206,,,0,47717,70,
1029,761207,761207,,,1,47706,71,
12,761208,761208,,,0,47706,72,
13,761209,761209,,,1,47706,73,
1029,761210,761210,,,1,47753,71,
12,761211,761211,,,0,47753,72,
1,761212,761212,,,1,47717,18,
11,761213,761213,,,0,48295,21,
2232,761214,761214,,,0,47702,48,
2814,761215,761215,,,1,47708,74,
148,761216,761216,,,0,47708,75,
2716,761217,761217,,,1,48294,76,
2713,761218,761218,,,0,48293,77,
14,761518,761518,,,1,48075,44,
42,761519,761519,,,0,48075,35,
14,761520,761520,,,1,48075,44,
42,761521,761521,,,0,48075,35,
14,761522,761522,,,1,48075,44,
42,761523,761523,,,0,48075,35,
14,761524,761524,,,1,48075,44,
42,761525,761525,,,0,48075,35,
14,761526,761526,,,1,48075,44,
42,761527,761527,,,0,48075,35,
14,761528,761528,,,1,48075,44,
42,761529,761529,,,0,48075,35,
14,761530,761530,,,1,48075,44,
42,761531,761531,,,0,48075,35,
14,761532,761532,,,1,48075,44,
42,761550,761550,,,0,48075,35,
2155,761648,761648,,,0,47746,1,
2152,761649,761649,,,1,47746,2,
2155,761650,761650,,,0,47746,1,
2811,761651,761651,,,1,48297,63,
2805,761652,761652,,,0,48297,64,
2798,761706,761706,,,1,48295,66,
2794,761707,761707,,,0,48295,67,
2295,761708,761708,,,1,48297,78,
2241,761709,761709,,,0,48297,47,
2800,761710,761710,,,1,48299,65,
2805,761711,761711,,,0,48299,64,
2800,761712,761712,,,1,47743,65,
2805,761713,761713,,,0,47743,64,
1425,761714,761714,,,0,48299,79,
2716,761715,761715,,,1,48116,76,
2713,761716,761716,,,0,48300,77,
2179,761717,761717,,,1,47752,80,
2188,761718,761718,,,0,47752,81,
871,761220,761220,,,1,48296,82,
666,761221,761221,,,1,48108,62,
25,761222,761222,,,0,48108,17,
27,761223,761223,,,1,48108,16,
25,761224,761224,,,0,48108,17,
9,761243,761243,,,1,47720,34,
5,761244,761244,,,0,47720,83,
420,761245,761245,,,1,47741,84,
399,761246,761246,,,0,47741,85,
2798,761247,761247,,,1,47743,66,
2794,761248,761248,,,0,47743,67,
420,761249,761249,,,1,48297,84,
399,761250,761250,,,0,48297,85,
13,761251,761251,,,1,48297,73,
12,761252,761252,,,0,48297,72,
420,761253,761253,,,1,48294,84,
399,761254,761254,,,0,48294,85,
14,761551,761551,,,1,48075,44,
42,761552,761552,,,0,48075,35,
14,761553,761553,,,1,48075,44,
42,761554,761554,,,0,48075,35,
14,761555,761555,,,1,48075,44,
42,761556,761556,,,0,48075,35,
14,761557,761557,,,1,48075,44,
42,761558,761558,,,0,48075,35,
14,761561,761561,,,1,48076,44,
42,761562,761562,,,0,48076,35,
14,761563,761563,,,1,48076,44,
42,761564,761564,,,0,48076,35,
14,761565,761565,,,1,48076,44,
42,761584,761584,,,0,48076,35,
2798,761719,761719,,,1,48294,66,
2794,761720,761720,,,0,48294,67,
2179,761721,761721,,,1,48296,80,
2188,761722,761722,,,0,48296,81,
2800,761723,761723,,,1,48296,65,
2810,761724,761724,,,0,48296,86,
2793,761761,761761,,,1,47753,87,
2816,761762,761762,,,0,47753,88,
2707,761765,761765,,,1,48301,89,
2705,761766,761766,,,0,48301,90,
16,761767,761767,,,0,47735,33,
327,761768,761768,,,1,47735,9,
2230,761769,761769,,,0,47735,91,
2155,761771,761771,,,0,47747,1,
2152,761772,761772,,,1,47747,2,
2155,761773,761773,,,0,47747,1,
2152,761774,761774,,,1,47747,2,
2155,761775,761775,,,0,47747,1,
2152,761776,761776,,,1,47747,2,
2155,761777,761777,,,0,47747,1,
410,761812,761812,,,0,47747,60,
6,761814,761814,,,1,47697,38,
2285,761815,761815,,,1,47747,51,
25,761816,761816,,,0,47747,17,
2707,761817,761817,,,1,47696,89,
2497,761818,761818,,,0,47735,6,
692,761819,761819,,,1,47735,7,
2701,761820,761820,,,0,47735,92,
426,761822,761822,,,1,48302,93,
413,761823,761823,,,0,48302,94,
14,761585,761585,,,1,48076,44,
42,761586,761586,,,0,48076,35,
14,761587,761587,,,1,48076,44,
42,761588,761588,,,0,48076,35,
14,761589,761589,,,1,48076,44,
42,761590,761590,,,0,48076,35,
14,761591,761591,,,1,48076,44,
42,761592,761592,,,0,48076,35,
14,761593,761593,,,1,48076,44,
42,761594,761594,,,0,48076,35,
14,761595,761595,,,1,48076,44,
42,761596,761596,,,0,48076,35,
14,761597,761597,,,1,48076,44,
42,761598,761598,,,0,48076,35,
2232,761255,761255,,,0,48297,48,
1,761256,761256,,,1,47720,18,
11,761257,761257,,,0,47720,21,
2562,761258,761258,,,1,47720,95,
2559,761259,761259,,,0,47711,96,
420,761260,761260,,,1,47752,84,
399,761295,761295,,,0,47752,85,
420,761296,761296,,,1,48294,84,
399,761297,761297,,,0,48294,85,
426,761298,761298,,,1,48294,93,
413,761299,761299,,,0,48294,94,
81,761300,761300,,,1,47711,97,
2812,761301,761301,,,1,48298,98,
148,761302,761302,,,0,48298,75,
2260,761303,761303,,,1,48112,99,
2179,761304,761304,,,1,48112,80,
2188,761305,761305,,,0,48112,81,
2813,761306,761306,,,1,48298,100,
426,761824,761824,,,1,48302,93,
413,761825,761825,,,0,48302,94,
81,761826,761826,,,1,48302,97,
2802,761827,761827,,,0,48302,101,
2812,761828,761828,,,1,48302,98,
148,761829,761829,,,0,48302,75,
2772,761847,761847,,,1,47708,102,
2771,761848,761848,,,0,47708,103,
2155,761849,761849,,,0,47708,1,
2152,761850,761850,,,1,47753,2,
2155,761851,761851,,,0,47753,1,
39,761852,761852,,,1,48292,3,
54,761853,761853,,,0,48292,4,
2155,761854,761854,,,0,47708,1,
2152,761855,761855,,,1,47708,2,
2772,761856,761856,,,1,47708,102,
2771,761857,761857,,,0,47708,103,
14,761602,761602,,,1,48077,44,
42,761603,761603,,,0,48077,35,
14,761604,761604,,,1,48077,44,
42,761605,761605,,,0,48077,35,
14,761606,761606,,,1,48077,44,
42,761607,761607,,,0,48077,35,
14,761608,761608,,,1,48077,44,
42,761609,761609,,,0,48077,35,
14,761610,761610,,,1,48077,44,
42,761611,761611,,,0,48077,35,
1372,764767,764767,,,1,48374,46,
2794,761307,761307,,,0,48298,67,
2337,761308,761308,,,1,47715,104,
1425,761309,761309,,,0,47715,79,
420,761310,761310,,,1,48299,84,
399,761311,761311,,,0,48299,85,
2562,761312,761312,,,1,47754,95,
2559,761313,761313,,,0,47754,96,
420,761347,761347,,,1,48295,84,
399,761348,761348,,,0,48295,85,
420,761349,761349,,,1,47715,84,
399,761350,761350,,,0,47715,85,
2805,761351,761351,,,0,47715,64,
13,761352,761352,,,1,47752,73,
12,761353,761353,,,0,47752,72,
2708,761355,761355,,,1,48298,105,
2704,761356,761356,,,0,48298,106,
2381,761357,761357,,,1,48298,5,
2497,761358,761358,,,0,48298,6,
14,763518,763518,,,1,48326,44,
42,763519,763519,,,0,48326,35,
14,763520,763520,,,1,48326,44,
1682,763521,763521,,,1,48326,30,
1689,763522,763522,,,0,48326,29,
42,763523,763523,,,0,48326,35,
14,763524,763524,,,1,48326,44,
1682,763525,763525,,,1,48326,30,
1689,763526,763526,,,0,48326,29,
42,763527,763527,,,0,48326,35,
14,763528,763528,,,1,48326,44,
1682,763529,763529,,,1,48326,30,
1689,763530,763530,,,0,48326,29,
2772,761859,761859,,,1,47711,102,
2944,761860,761860,,,0,47711,107,
2772,761861,761861,,,1,47747,102,
2771,761862,761862,,,0,47747,103,
2155,761863,761863,,,0,47723,1,
2152,761864,761864,,,1,47723,2,
2155,761901,761901,,,0,47723,1,
39,761902,761902,,,1,47723,3,
54,761903,761903,,,0,47723,4,
2152,761904,761904,,,1,47746,2,
2155,761905,761905,,,0,47746,1,
2381,761907,761907,,,1,47708,5,
2497,761908,761908,,,0,47708,6,
417,761910,761910,,,1,48293,52,
2152,761911,761911,,,1,48293,2,
8,764768,764768,,,0,48374,14,
1529,764769,764769,,,1,48374,15,
8,764770,764770,,,0,48374,14,
27,764771,764771,,,1,48374,16,
25,764772,764772,,,0,48374,17,
1529,764773,764773,,,1,48374,15,
8,764774,764774,,,0,48374,14,
1529,764775,764775,,,1,48374,15,
8,764776,764776,,,0,48374,14,
27,764777,764777,,,1,48374,16,
25,764778,764778,,,0,48374,17,
27,764779,764779,,,1,48374,16,
25,764780,764780,,,0,48374,17,
2499,764782,764782,,,0,48374,26,
2501,764783,764783,,,1,48374,32,
2499,764784,764784,,,0,48374,26,
25,762886,762886,,,0,48107,17,
8,762890,762890,,,0,47705,14,
42,763531,763531,,,0,48326,35,
14,763532,763532,,,1,48326,44,
1682,763533,763533,,,1,48326,30,
1689,763534,763534,,,0,48326,29,
42,763535,763535,,,0,48326,35,
14,763536,763536,,,1,48326,44,
1682,763537,763537,,,1,48326,30,
1689,763538,763538,,,0,48326,29,
42,763539,763539,,,0,48326,35,
14,763540,763540,,,1,48326,44,
1682,763541,763541,,,1,48326,30,
1689,763542,763542,,,0,48326,29,
42,763543,763543,,,0,48326,35,
14,763544,763544,,,1,48326,44,
1682,763545,763545,,,1,48326,30,
1689,763546,763546,,,0,48326,29,
42,763547,763547,,,0,48326,35,
2155,761912,761912,,,0,48293,1,
2152,761913,761913,,,1,48291,2,
2155,761914,761914,,,0,48291,1,
2152,761915,761915,,,1,48291,2,
2155,761916,761916,,,0,48291,1,
2152,761917,761917,,,1,48106,2,
2155,761918,761918,,,0,48106,1,
2152,761935,761935,,,1,48291,2,
2155,761936,761936,,,0,48291,1,
2152,761937,761937,,,1,47708,2,
2155,761938,761938,,,0,47708,1,
2152,761939,761939,,,1,47753,2,
2155,761940,761940,,,0,47753,1,
2155,761941,761941,,,0,47754,1,
2152,761942,761942,,,1,47728,2,
2155,761943,761943,,,0,47728,1,
2152,761944,761944,,,1,47728,2,
2155,761945,761945,,,0,47728,1,
2501,764785,764785,,,1,48374,32,
27,764787,764787,,,1,48374,16,
25,764788,764788,,,0,48374,17,
2499,764790,764790,,,0,48374,26,
2501,764791,764791,,,1,48374,32,
2499,764792,764792,,,0,48374,26,
2501,764793,764793,,,1,48374,32,
1529,764795,764795,,,1,48374,15,
8,764796,764796,,,0,48374,14,
1529,764797,764797,,,1,48374,15,
844,764798,764798,,,0,48374,108,
2706,761361,761361,,,1,48292,109,
2701,761362,761362,,,0,48292,92,
2152,761363,761363,,,1,47746,2,
2155,761364,761364,,,0,47746,1,
2152,761365,761365,,,1,47746,2,
2811,761401,761401,,,1,47722,63,
2810,761402,761402,,,0,47722,86,
2793,761403,761403,,,1,47752,87,
2805,761404,761404,,,0,47752,64,
1,761405,761405,,,1,47706,18,
11,761406,761406,,,0,47706,21,
2295,761407,761407,,,1,47694,78,
2713,761408,761408,,,0,47694,77,
2796,761409,761409,,,1,47694,110,
6,761946,761946,,,1,47734,38,
2285,761947,761947,,,1,48112,51,
2263,761948,761948,,,0,48112,36,
16,761949,761949,,,0,47720,33,
327,761950,761950,,,1,47706,9,
336,761951,761951,,,0,47706,10,
417,761986,761986,,,1,48106,52,
2249,761987,761987,,,1,48106,58,
265,761988,761988,,,0,47701,59,
2152,761989,761989,,,1,47701,2,
2155,761990,761990,,,0,47701,1,
2152,761991,761991,,,1,47701,2,
2155,761992,761992,,,0,48292,1,
2152,761993,761993,,,1,48106,2,
2155,761994,761994,,,0,48106,1,
2152,761995,761995,,,1,48291,2,
2155,761996,761996,,,0,47751,1,
2152,761997,761997,,,1,48106,2,
14,763550,763550,,,1,48327,44,
1682,763551,763551,,,1,48327,30,
1689,763552,763552,,,0,48327,29,
42,763553,763553,,,0,48327,35,
14,763554,763554,,,1,48327,44,
1682,763555,763555,,,1,48327,30,
1689,763556,763556,,,0,48327,29,
42,763557,763557,,,0,48327,35,
14,763558,763558,,,1,48327,44,
1682,763559,763559,,,1,48327,30,
1689,763560,763560,,,0,48327,29,
42,763561,763561,,,0,48327,35,
14,763562,763562,,,1,48327,44,
1682,763563,763563,,,1,48327,30,
843,764801,764801,,,1,48375,53,
25,764802,764802,,,0,48375,17,
27,764803,764803,,,1,48375,16,
25,764804,764804,,,0,48375,17,
1529,764805,764805,,,1,48375,15,
8,764806,764806,,,0,48375,14,
1529,764807,764807,,,1,48375,15,
8,764808,764808,,,0,48375,14,
27,764809,764809,,,1,48375,16,
25,764810,764810,,,0,48375,17,
1529,764811,764811,,,1,48375,15,
8,764812,764812,,,0,48375,14,
1529,764813,764813,,,1,48375,15,
8,764814,764814,,,0,48375,14,
27,764815,764815,,,1,48375,16,
25,764816,764816,,,0,48375,17,
1529,764817,764817,,,1,48375,15,
2155,761998,761998,,,0,48106,1,
265,761999,761999,,,0,47706,59,
2152,762000,762000,,,1,47706,2,
2155,762001,762001,,,0,47741,1,
2152,762002,762002,,,1,47706,2,
2155,762003,762003,,,0,47706,1,
2152,762004,762004,,,1,48110,2,
2155,762021,762021,,,0,48110,1,
2152,762022,762022,,,1,47751,2,
2155,762023,762023,,,0,47751,1,
2152,762024,762024,,,1,47751,2,
2155,762025,762025,,,0,47751,1,
2152,762026,762026,,,1,47728,2,
204,762028,762028,,,1,47758,111,
210,762029,762029,,,0,47758,112,
2227,762031,762031,,,1,47702,113,
2803,761410,761410,,,0,47694,114,
9,761411,761411,,,1,47722,34,
5,761412,761412,,,0,47722,83,
2271,761463,761463,,,1,47723,115,
2241,761464,761464,,,0,47723,47,
9,761465,761465,,,1,48119,34,
5,761466,761466,,,0,48119,83,
2562,761467,761467,,,1,47747,95,
2559,761468,761468,,,0,47736,96,
1,761469,761469,,,1,47720,18,
11,761470,761470,,,0,47732,21,
2562,761471,761471,,,1,47732,95,
2559,761472,761472,,,0,47732,96,
5,761473,761473,,,0,47694,83,
2559,761475,761475,,,0,47734,96,
9,761476,761476,,,1,48112,34,
1689,763564,763564,,,0,48327,29,
42,763565,763565,,,0,48327,35,
14,763566,763566,,,1,48327,44,
1682,763567,763567,,,1,48327,30,
1689,763568,763568,,,0,48327,29,
42,763569,763569,,,0,48327,35,
14,763570,763570,,,1,48327,44,
1682,763571,763571,,,1,48327,30,
1689,763572,763572,,,0,48327,29,
42,763573,763573,,,0,48327,35,
14,763574,763574,,,1,48327,44,
1682,763575,763575,,,1,48327,30,
1689,763576,763576,,,0,48327,29,
42,763577,763577,,,0,48327,35,
2337,762897,762897,,,1,48299,104,
2152,762905,762905,,,1,47708,2,
2295,762910,762910,,,1,48302,78,
8,764818,764818,,,0,48375,14,
2499,764820,764820,,,0,48375,26,
2501,764821,764821,,,1,48375,32,
1529,764823,764823,,,1,48375,15,
8,764824,764824,,,0,48375,14,
1529,764825,764825,,,1,48375,15,
8,764826,764826,,,0,48375,14,
27,764827,764827,,,1,48375,16,
1431,764828,764828,,,0,48375,68,
109,764831,764831,,,1,48376,116,
343,764832,764832,,,0,48376,45,
258,764833,764833,,,1,48376,13,
1511,762032,762032,,,0,47702,117,
39,762034,762034,,,1,47702,3,
54,762035,762035,,,0,47702,4,
39,762036,762036,,,1,48296,3,
54,762037,762037,,,0,48296,4,
2152,762050,762050,,,1,47702,2,
2155,762051,762051,,,0,47702,1,
2152,762052,762052,,,1,47708,2,
2155,762053,762053,,,0,47708,1,
2152,762054,762054,,,1,47753,2,
2155,762055,762055,,,0,47753,1,
2152,762056,762056,,,1,48292,2,
2155,762057,762057,,,0,48292,1,
2152,762058,762058,,,1,47751,2,
2155,762059,762059,,,0,47751,1,
2155,762060,762060,,,0,47751,1,
2152,762061,762061,,,1,47751,2,
1831,763580,763580,,,1,48328,28,
1895,763581,763581,,,0,48328,56,
1977,763582,763582,,,1,48328,57,
1895,763583,763583,,,0,48328,56,
1977,763584,763584,,,1,48328,57,
1895,763585,763585,,,0,48328,56,
1977,763586,763586,,,1,48328,57,
1895,763587,763587,,,0,48328,56,
1977,763588,763588,,,1,48328,57,
1895,763589,763589,,,0,48328,56,
1977,763590,763590,,,1,48328,57,
1895,763591,763591,,,0,48328,56,
1977,763592,763592,,,1,48328,57,
1895,763593,763593,,,0,48328,56,
1977,763594,763594,,,1,48328,57,
1895,763595,763595,,,0,48328,56,
1977,763596,763596,,,1,48328,57,
8,764834,764834,,,0,48376,14,
1529,764835,764835,,,1,48376,15,
8,764836,764836,,,0,48376,14,
27,764837,764837,,,1,48376,16,
25,764838,764838,,,0,48376,17,
1529,764839,764839,,,1,48376,15,
8,764840,764840,,,0,48376,14,
1529,764841,764841,,,1,48376,15,
8,764842,764842,,,0,48376,14,
1,764844,764844,,,1,48376,18,
11,764845,764845,,,0,48376,21,
2295,764846,764846,,,1,48376,78,
2241,764847,764847,,,0,48376,47,
1,764848,764848,,,1,48376,18,
11,764849,764849,,,0,48376,21,
5,761477,761477,,,0,48112,83,
9,761478,761478,,,1,48292,34,
5,761479,761479,,,0,48292,83,
1,761480,761480,,,1,47752,18,
11,761481,761481,,,0,48107,21,
2562,761499,761499,,,1,47732,95,
2559,761500,761500,,,0,47732,96,
2562,761501,761501,,,1,47732,95,
2561,761502,761502,,,0,47732,118,
327,761505,761505,,,1,48110,9,
336,761506,761506,,,0,48291,10,
327,761507,761507,,,1,47736,9,
1,761508,761508,,,1,48298,18,
11,761509,761509,,,0,48116,21,
9,761510,761510,,,1,47739,34,
5,761511,761511,,,0,47739,83,
2155,762062,762062,,,0,47751,1,
2152,762063,762063,,,1,48110,2,
2155,762064,762064,,,0,48110,1,
2152,762065,762065,,,1,47706,2,
2155,762066,762066,,,0,47706,1,
2152,762067,762067,,,1,47706,2,
2155,762068,762068,,,0,47706,1,
2152,762087,762087,,,1,48110,2,
2155,762088,762088,,,0,48110,1,
39,762089,762089,,,1,47751,3,
54,762090,762090,,,0,47751,4,
2152,762091,762091,,,1,48116,2,
2155,762092,762092,,,0,48116,1,
39,762093,762093,,,1,47751,3,
2563,762094,762094,,,0,47751,119,
2564,762095,762095,,,1,47751,120,
2260,762096,762096,,,1,47694,99,
453,762097,762097,,,1,47723,121,
2794,762914,762914,,,0,48302,67,
2813,762915,762915,,,1,48296,100,
11,762916,762916,,,0,48296,21,
1,762917,762917,,,1,48295,18,
2188,762918,762918,,,0,48300,81,
1,762919,762919,,,1,48300,18,
1529,762921,762921,,,1,47739,15,
2152,762923,762923,,,1,47751,2,
2794,762924,762924,,,0,48299,67,
2802,762925,762925,,,0,48298,101,
1895,763597,763597,,,0,48328,56,
1977,763598,763598,,,1,48328,57,
1895,763599,763599,,,0,48328,56,
1977,763600,763600,,,1,48328,57,
1895,763601,763601,,,0,48328,56,
1977,763602,763602,,,1,48328,57,
1744,763603,763603,,,0,48328,31,
2152,763606,763606,,,1,48329,2,
2155,763607,763607,,,0,48329,1,
2152,763608,763608,,,1,48329,2,
2155,763609,763609,,,0,48329,1,
2152,763610,763610,,,1,48329,2,
2155,763611,763611,,,0,48329,1,
2152,763612,763612,,,1,48329,2,
327,762841,762841,,,1,48106,9,
2179,762843,762843,,,1,47748,80,
2249,762847,762847,,,1,47722,58,
343,762849,762849,,,0,47701,45,
2810,762852,762852,,,0,48108,86,
2381,764851,764851,,,1,48376,5,
2705,764852,764852,,,0,48376,90,
2706,764853,764853,,,1,48376,109,
2701,764854,764854,,,0,48376,92,
2716,764856,764856,,,1,48376,76,
2713,764857,764857,,,0,48376,77,
2179,764858,764858,,,1,48376,80,
2188,764859,764859,,,0,48376,81,
2179,764860,764860,,,1,48376,80,
2849,764861,764861,,,0,48376,122,
417,764863,764863,,,1,48377,52,
34,764864,764864,,,1,48377,54,
44,764865,764865,,,0,48377,37,
34,764866,764866,,,1,48377,54,
9,761512,761512,,,1,48298,34,
5,761513,761513,,,0,48298,83,
1,761514,761514,,,1,47732,18,
11,761515,761515,,,0,47734,21,
2179,761533,761533,,,1,48300,80,
9,761534,761534,,,1,47708,34,
5,761535,761535,,,0,47717,83,
13,761536,761536,,,1,47735,73,
12,761537,761537,,,0,47735,72,
13,761538,761538,,,1,47753,73,
12,761539,761539,,,0,47753,72,
1,761540,761540,,,1,47753,18,
11,761541,761541,,,0,47748,21,
13,761542,761542,,,1,47731,73,
1027,761543,761543,,,0,47731,70,
1029,761544,761544,,,1,48110,71,
2852,761545,761545,,,0,48110,123,
309,762855,762855,,,0,47717,12,
385,762857,762857,,,1,48110,20,
8,762858,762858,,,0,48122,14,
1027,762859,762859,,,0,47706,70,
12,762860,762860,,,0,48112,72,
2152,762861,762861,,,1,47753,2,
2285,762862,762862,,,1,47731,51,
11,762929,762929,,,0,47752,21,
8,762930,762930,,,0,47749,14,
2800,762932,762932,,,1,47715,65,
39,762935,762935,,,1,47737,3,
8,762936,762936,,,0,48303,14,
44,764867,764867,,,0,48377,37,
34,764868,764868,,,1,48377,54,
44,764869,764869,,,0,48377,37,
34,764870,764870,,,1,48377,54,
44,764871,764871,,,0,48377,37,
34,764872,764872,,,1,48377,54,
44,764873,764873,,,0,48377,37,
34,764874,764874,,,1,48377,54,
44,764875,764875,,,0,48377,37,
34,764876,764876,,,1,48377,54,
44,764877,764877,,,0,48377,37,
410,764878,764878,,,0,48377,60,
39,764880,764880,,,1,48378,3,
54,764881,764881,,,0,48378,4,
34,764882,764882,,,1,48378,54,
2155,763613,763613,,,0,48329,1,
2152,763614,763614,,,1,48329,2,
2155,763615,763615,,,0,48329,1,
327,763616,763616,,,1,48329,9,
336,763617,763617,,,0,48329,10,
410,763618,763618,,,0,48329,60,
417,763619,763619,,,1,48330,52,
2152,763620,763620,,,1,48330,2,
2155,763621,763621,,,0,48330,1,
2152,763622,763622,,,1,48330,2,
343,763769,763769,,,0,48335,45,
258,763770,763770,,,1,48335,13,
8,763771,763771,,,0,48335,14,
1529,763772,763772,,,1,48335,15,
44,764883,764883,,,0,48378,37,
39,764884,764884,,,1,48378,3,
54,764885,764885,,,0,48378,4,
34,764886,764886,,,1,48378,54,
44,764887,764887,,,0,48378,37,
39,764888,764888,,,1,48378,3,
54,764889,764889,,,0,48378,4,
34,764890,764890,,,1,48378,54,
44,764891,764891,,,0,48378,37,
39,764892,764892,,,1,48378,3,
54,764893,764893,,,0,48378,4,
34,764894,764894,,,1,48378,54,
44,764895,764895,,,0,48378,37,
39,764896,764896,,,1,48378,3,
54,764897,764897,,,0,48378,4,
39,764898,764898,,,1,48378,3,
54,764899,764899,,,0,48378,4,
472,762098,762098,,,0,47723,124,
2295,762099,762099,,,1,47739,78,
2241,762100,762100,,,0,47737,47,
2295,762101,762101,,,1,47756,78,
2241,762102,762102,,,0,47756,47,
426,762103,762103,,,1,47756,93,
413,762123,762123,,,0,47756,94,
453,762124,762124,,,1,48296,121,
472,762125,762125,,,0,48296,124,
2716,762126,762126,,,1,47694,76,
2713,762127,762127,,,0,47694,77,
847,762130,762130,,,1,47701,125,
309,762131,762131,,,0,47701,12,
288,762132,762132,,,1,48106,23,
1529,762938,762938,,,1,48303,15,
16,762939,762939,,,0,48295,33,
2813,762941,762941,,,1,48294,100,
1529,762945,762945,,,1,48291,15,
847,761548,761548,,,1,48114,125,
11,761549,761549,,,0,48114,21,
9,761566,761566,,,1,47732,34,
5,761567,761567,,,0,47732,83,
9,761568,761568,,,1,48110,34,
5,761569,761569,,,0,48110,83,
2562,761570,761570,,,1,47697,95,
2559,761571,761571,,,0,47697,96,
1,761572,761572,,,1,47697,18,
11,761573,761573,,,0,48116,21,
1,761574,761574,,,1,47717,18,
11,761575,761575,,,0,48112,21,
1,761576,761576,,,1,48112,18,
11,761577,761577,,,0,47732,21,
2562,761578,761578,,,1,47732,95,
2559,761579,761579,,,0,47732,96,
2562,761580,761580,,,1,48116,95,
11,762133,762133,,,0,48300,21,
1,762134,762134,,,1,47732,18,
11,762135,762135,,,0,47739,21,
1,762136,762136,,,1,47717,18,
11,762137,762137,,,0,48119,21,
2800,762138,762138,,,1,48299,65,
2805,762139,762139,,,0,48299,64,
1,762140,762140,,,1,47754,18,
11,762141,762141,,,0,47720,21,
2499,762142,762142,,,0,48291,26,
2501,762143,762143,,,1,48293,32,
27,762145,762145,,,1,48301,16,
25,762146,762146,,,0,48301,17,
27,762147,762147,,,1,47749,16,
25,762148,762148,,,0,47749,17,
27,762149,762149,,,1,47749,16,
25,762150,762150,,,0,47749,17,
27,762151,762151,,,1,47701,16,
34,764900,764900,,,1,48378,54,
44,764901,764901,,,0,48378,37,
34,764902,764902,,,1,48378,54,
44,764903,764903,,,0,48378,37,
39,764904,764904,,,1,48378,3,
54,764905,764905,,,0,48378,4,
39,764906,764906,,,1,48378,3,
54,764907,764907,,,0,48378,4,
39,764908,764908,,,1,48378,3,
54,764909,764909,,,0,48378,4,
410,764910,764910,,,0,48378,60,
2179,764912,764912,,,1,48379,80,
2188,764913,764913,,,0,48379,81,
2179,764914,764914,,,1,48379,80,
2188,764915,764915,,,0,48379,81,
2559,761581,761581,,,0,48116,96,
1,761582,761582,,,1,48116,18,
11,761583,761583,,,0,48114,21,
1,761616,761616,,,1,48108,18,
11,761617,761617,,,0,47697,21,
420,761618,761618,,,1,48294,84,
399,761619,761619,,,0,48294,85,
426,761620,761620,,,1,48294,93,
2850,761621,761621,,,0,48294,126,
1,761623,761623,,,1,47737,18,
11,761624,761624,,,0,48120,21,
2562,761625,761625,,,1,47734,95,
2559,761626,761626,,,0,47734,96,
1,761627,761627,,,1,47731,18,
11,761628,761628,,,0,48294,21,
9,761629,761629,,,1,47706,34,
5,761630,761630,,,0,47706,83,
2562,762956,762956,,,1,47736,95,
148,762960,762960,,,0,47711,75,
1,761631,761631,,,1,47731,18,
11,761632,761632,,,0,48110,21,
9,761633,761633,,,1,47736,34,
5,761634,761634,,,0,47736,83,
2559,761671,761671,,,0,47736,96,
2562,761672,761672,,,1,47756,95,
2559,761673,761673,,,0,47756,96,
9,761674,761674,,,1,48293,34,
5,761675,761675,,,0,48293,83,
2562,761676,761676,,,1,47754,95,
2559,761677,761677,,,0,47754,96,
2562,761678,761678,,,1,48114,95,
2559,761679,761679,,,0,48114,96,
9,761680,761680,,,1,48114,34,
5,761681,761681,,,0,48114,83,
2699,761683,761683,,,1,47758,127,
2501,763774,763774,,,1,48335,32,
2499,763775,763775,,,0,48335,26,
2501,763776,763776,,,1,48335,32,
2499,763777,763777,,,0,48335,26,
2501,763778,763778,,,1,48335,32,
1377,763781,763781,,,1,48336,55,
25,763782,763782,,,0,48336,17,
1529,763783,763783,,,1,48336,15,
8,763784,763784,,,0,48336,14,
27,763785,763785,,,1,48336,16,
25,763786,763786,,,0,48336,17,
1529,763787,763787,,,1,48336,15,
8,763788,763788,,,0,48336,14,
27,763789,763789,,,1,48336,16,
25,763790,763790,,,0,48336,17,
25,762152,762152,,,0,47701,17,
2499,762153,762153,,,0,48293,26,
2501,762154,762154,,,1,48293,32,
1377,762157,762157,,,1,47705,55,
25,762176,762176,,,0,47705,17,
27,762177,762177,,,1,47748,16,
25,762178,762178,,,0,47748,17,
27,762179,762179,,,1,48108,16,
25,762180,762180,,,0,48108,17,
1529,762181,762181,,,1,47751,15,
8,762182,762182,,,0,48304,14,
1529,762183,762183,,,1,47701,15,
8,762184,762184,,,0,47701,14,
27,762185,762185,,,1,48301,16,
25,762186,762186,,,0,48301,17,
2499,762187,762187,,,0,47741,26,
1438,761685,761685,,,1,48120,128,
54,761686,761686,,,0,48120,4,
6,761687,761687,,,1,48120,38,
2285,761688,761688,,,1,47737,51,
2263,761689,761689,,,0,47739,36,
16,761743,761743,,,0,47732,33,
6,761744,761744,,,1,47732,38,
2285,761745,761745,,,1,47717,51,
2263,761746,761746,,,0,47717,36,
16,761747,761747,,,0,47697,33,
6,761748,761748,,,1,47697,38,
16,761749,761749,,,0,47737,33,
54,761750,761750,,,0,47737,4,
6,761751,761751,,,1,48106,38,
16,761752,761752,,,0,47720,33,
6,761753,761753,,,1,47720,38,
2285,761754,761754,,,1,47748,51,
2263,761755,761755,,,0,47748,36,
13,764916,764916,,,1,48379,73,
12,764917,764917,,,0,48379,72,
13,764918,764918,,,1,48379,73,
12,764919,764919,,,0,48379,72,
2179,764920,764920,,,1,48379,80,
2188,764921,764921,,,0,48379,81,
13,764922,764922,,,1,48379,73,
12,764923,764923,,,0,48379,72,
13,764924,764924,,,1,48379,73,
12,764925,764925,,,0,48379,72,
13,764926,764926,,,1,48379,73,
12,764927,764927,,,0,48379,72,
2179,764928,764928,,,1,48379,80,
2188,764929,764929,,,0,48379,81,
13,764930,764930,,,1,48379,73,
12,764931,764931,,,0,48379,72,
16,761756,761756,,,0,47697,33,
34,761757,761757,,,1,47706,54,
44,761758,761758,,,0,47706,37,
6,761759,761759,,,1,47720,38,
2285,761760,761760,,,1,48119,51,
2263,761794,761794,,,0,48119,36,
2847,761795,761795,,,0,48119,129,
2155,761798,761798,,,0,48296,1,
2152,761799,761799,,,1,48296,2,
2155,761800,761800,,,0,48296,1,
6,761801,761801,,,1,47754,38,
2285,761802,761802,,,1,48119,51,
2263,761803,761803,,,0,48119,36,
16,761804,761804,,,0,48116,33,
6,761805,761805,,,1,48116,38,
2285,761806,761806,,,1,48112,51,
2263,761807,761807,,,0,48112,36,
2285,761808,761808,,,1,47697,51,
16,761809,761809,,,0,47728,33,
6,761810,761810,,,1,47754,38,
2285,761811,761811,,,1,47731,51,
2263,761865,761865,,,0,47731,36,
16,761866,761866,,,0,48114,33,
6,761867,761867,,,1,48114,38,
2285,761868,761868,,,1,47753,51,
2263,761869,761869,,,0,47753,36,
16,761870,761870,,,0,47754,33,
6,761871,761871,,,1,47754,38,
2847,761872,761872,,,0,47717,129,
39,761874,761874,,,1,48116,3,
54,761875,761875,,,0,48116,4,
6,761876,761876,,,1,48116,38,
2285,761877,761877,,,1,48298,51,
2263,761878,761878,,,0,48296,36,
16,761879,761879,,,0,47720,33,
6,761880,761880,,,1,47720,38,
2285,761881,761881,,,1,47752,51,
2263,761882,761882,,,0,47752,36,
16,761952,761952,,,0,48110,33,
6,761953,761953,,,1,48295,38,
2285,761954,761954,,,1,47717,51,
2263,761955,761955,,,0,47717,36,
16,761956,761956,,,0,47732,33,
39,761957,761957,,,1,47728,3,
54,761958,761958,,,0,47728,4,
6,761959,761959,,,1,47697,38,
360,761960,761960,,,0,47717,19,
385,761961,761961,,,1,47717,20,
1262,761963,761963,,,1,48116,11,
16,761964,761964,,,0,48116,33,
6,761965,761965,,,1,48293,38,
27,763791,763791,,,1,48336,16,
25,763792,763792,,,0,48336,17,
2499,763794,763794,,,0,48336,26,
2501,763795,763795,,,1,48336,32,
1529,763797,763797,,,1,48336,15,
8,763798,763798,,,0,48336,14,
1529,763799,763799,,,1,48336,15,
8,763800,763800,,,0,48336,14,
1529,763801,763801,,,1,48336,15,
8,763802,763802,,,0,48336,14,
1529,763803,763803,,,1,48336,15,
343,763804,763804,,,0,48336,45,
258,763805,763805,,,1,48336,13,
2179,764932,764932,,,1,48379,80,
2188,764933,764933,,,0,48379,81,
2179,764934,764934,,,1,48379,80,
2188,764935,764935,,,0,48379,81,
2813,764936,764936,,,1,48379,100,
2801,764937,764937,,,0,48379,130,
2798,764938,764938,,,1,48379,66,
2799,764939,764939,,,0,48379,131,
2258,764942,764942,,,1,48380,132,
399,764943,764943,,,0,48380,85,
420,764944,764944,,,1,48380,84,
399,764945,764945,,,0,48380,85,
420,764946,764946,,,1,48380,84,
399,764947,764947,,,0,48380,85,
2501,762188,762188,,,1,47741,32,
2499,762189,762189,,,0,47741,26,
2501,762190,762190,,,1,48107,32,
27,762191,762191,,,1,48304,16,
25,762192,762192,,,0,48304,17,
27,762193,762193,,,1,48120,16,
25,762194,762194,,,0,48120,17,
1529,762213,762213,,,1,48305,15,
8,762214,762214,,,0,48305,14,
27,762215,762215,,,1,48120,16,
25,762216,762216,,,0,48120,17,
2499,762217,762217,,,0,47758,26,
2242,762219,762219,,,1,48112,22,
258,762220,762220,,,1,47701,13,
844,762221,762221,,,0,48296,108,
47,761967,761967,,,1,48122,133,
34,761968,761968,,,1,48122,54,
44,761969,761969,,,0,48122,37,
410,761970,761970,,,0,48122,60,
2285,762005,762005,,,1,47720,51,
2263,762006,762006,,,0,47720,36,
2285,762007,762007,,,1,48106,51,
25,762008,762008,,,0,48106,17,
13,762010,762010,,,1,47731,73,
12,762011,762011,,,0,47731,72,
1,762012,762012,,,1,48114,18,
11,762013,762013,,,0,48112,21,
1,762014,762014,,,1,48116,18,
11,762015,762015,,,0,47754,21,
1,762016,762016,,,1,48110,18,
11,762017,762017,,,0,48296,21,
1,764948,764948,,,1,48380,18,
11,764949,764949,,,0,48380,21,
426,764950,764950,,,1,48380,93,
413,764951,764951,,,0,48380,94,
420,764952,764952,,,1,48380,84,
399,764953,764953,,,0,48380,85,
426,764954,764954,,,1,48380,93,
413,764955,764955,,,0,48380,94,
420,764956,764956,,,1,48380,84,
399,764957,764957,,,0,48380,85,
420,764958,764958,,,1,48380,84,
399,764959,764959,,,0,48380,85,
2800,764960,764960,,,1,48380,65,
2805,764961,764961,,,0,48380,64,
2798,764962,764962,,,1,48380,66,
2794,764963,764963,,,0,48380,67,
420,764964,764964,,,1,48380,84,
844,763806,763806,,,0,48336,108,
843,763809,763809,,,1,48337,53,
25,763810,763810,,,0,48337,17,
1529,763811,763811,,,1,48337,15,
8,763812,763812,,,0,48337,14,
1529,763813,763813,,,1,48337,15,
8,763814,763814,,,0,48337,14,
1529,763815,763815,,,1,48337,15,
8,763816,763816,,,0,48337,14,
1529,763817,763817,,,1,48337,15,
8,763818,763818,,,0,48337,14,
27,763819,763819,,,1,48337,16,
25,763820,763820,,,0,48337,17,
1529,763821,763821,,,1,48337,15,
343,762224,762224,,,0,47706,45,
258,762225,762225,,,1,48108,13,
8,762226,762226,,,0,48108,14,
1529,762227,762227,,,1,48303,15,
8,762228,762228,,,0,48303,14,
1529,762229,762229,,,1,47705,15,
8,762230,762230,,,0,47705,14,
1529,762231,762231,,,1,48304,15,
8,762232,762232,,,0,48304,14,
1529,762233,762233,,,1,48304,15,
27,762234,762234,,,1,48122,16,
25,762235,762235,,,0,48122,17,
2499,762236,762236,,,0,48107,26,
210,762238,762238,,,0,47711,112,
8,762239,762239,,,0,47711,14,
1529,762240,762240,,,1,48108,15,
8,762241,762241,,,0,48108,14,
27,762242,762242,,,1,48108,16,
9,762018,762018,,,1,47706,34,
5,762019,762019,,,0,47706,83,
1,762020,762020,,,1,48110,18,
2248,762069,762069,,,1,47705,134,
185,762070,762070,,,0,47745,135,
11,762071,762071,,,0,47753,21,
1,762072,762072,,,1,48114,18,
11,762073,762073,,,0,47720,21,
9,762074,762074,,,1,47731,34,
5,762075,762075,,,0,47731,83,
1,762076,762076,,,1,47754,18,
309,762077,762077,,,0,48108,12,
288,762078,762078,,,1,47731,23,
11,762079,762079,,,0,47754,21,
2260,762081,762081,,,1,47753,99,
2562,762082,762082,,,1,47732,95,
2559,762083,762083,,,0,47732,96,
399,764965,764965,,,0,48380,85,
420,764966,764966,,,1,48380,84,
399,764967,764967,,,0,48380,85,
420,764968,764968,,,1,48380,84,
399,764969,764969,,,0,48380,85,
420,764970,764970,,,1,48380,84,
399,764971,764971,,,0,48380,85,
2232,764972,764972,,,0,48380,48,
2260,764973,764973,,,1,48381,99,
1,764974,764974,,,1,48381,18,
11,764975,764975,,,0,48381,21,
2562,764976,764976,,,1,48381,95,
2559,764977,764977,,,0,48381,96,
1,764978,764978,,,1,48381,18,
11,764979,764979,,,0,48381,21,
1,764980,764980,,,1,48381,18,
1,762084,762084,,,1,48114,18,
11,762085,762085,,,0,48114,21,
9,762086,762086,,,1,48303,34,
5,762104,762104,,,0,47717,83,
2562,762105,762105,,,1,47734,95,
2559,762106,762106,,,0,47734,96,
1,762107,762107,,,1,48112,18,
11,762108,762108,,,0,47731,21,
2562,762109,762109,,,1,48116,95,
2559,762110,762110,,,0,48116,96,
1,762111,762111,,,1,48292,18,
11,762112,762112,,,0,47731,21,
1,762113,762113,,,1,47753,18,
11,762114,762114,,,0,48116,21,
1,762115,762115,,,1,48107,18,
11,762116,762116,,,0,47731,21,
2562,762117,762117,,,1,47720,95,
2559,762118,762118,,,0,47720,96,
9,762119,762119,,,1,47748,34,
11,764981,764981,,,0,48381,21,
9,764982,764982,,,1,48381,34,
5,764983,764983,,,0,48381,83,
1,764984,764984,,,1,48381,18,
11,764985,764985,,,0,48381,21,
1,764986,764986,,,1,48381,18,
11,764987,764987,,,0,48381,21,
9,764988,764988,,,1,48381,34,
5,764989,764989,,,0,48381,83,
1,764990,764990,,,1,48381,18,
11,764991,764991,,,0,48381,21,
2562,764992,764992,,,1,48381,95,
2559,764993,764993,,,0,48381,96,
1,764994,764994,,,1,48381,18,
11,764995,764995,,,0,48381,21,
9,764996,764996,,,1,48381,34,
5,764997,764997,,,0,48381,83,
8,763822,763822,,,0,48337,14,
1529,763823,763823,,,1,48337,15,
8,763824,763824,,,0,48337,14,
1529,763825,763825,,,1,48337,15,
8,763826,763826,,,0,48337,14,
1529,763827,763827,,,1,48337,15,
8,763828,763828,,,0,48337,14,
27,763829,763829,,,1,48337,16,
25,763830,763830,,,0,48337,17,
2155,763832,763832,,,0,48337,1,
1372,763835,763835,,,1,48338,46,
8,763836,763836,,,0,48338,14,
5,762120,762120,,,0,47748,83,
2179,762121,762121,,,1,47748,80,
2188,762122,762122,,,0,47748,81,
2232,762158,762158,,,0,47748,48,
9,762160,762160,,,1,47743,34,
5,762161,762161,,,0,47743,83,
2716,762162,762162,,,1,48112,76,
2713,762163,762163,,,0,47715,77,
13,762164,762164,,,1,48300,73,
12,762165,762165,,,0,48300,72,
2798,762166,762166,,,1,48294,66,
2794,762167,762167,,,0,48294,67,
1,762168,762168,,,1,47752,18,
11,762169,762169,,,0,47717,21,
2562,762170,762170,,,1,47720,95,
2559,762171,762171,,,0,47720,96,
11,762172,762172,,,0,48292,21,
1,764998,764998,,,1,48381,18,
360,764999,764999,,,0,48381,19,
385,765000,765000,,,1,48381,20,
11,765001,765001,,,0,48381,21,
2271,765004,765004,,,1,48382,115,
2241,765005,765005,,,0,48382,47,
1,765006,765006,,,1,48382,18,
11,765007,765007,,,0,48382,21,
9,765008,765008,,,1,48382,34,
5,765009,765009,,,0,48382,83,
2562,765010,765010,,,1,48382,95,
2559,765011,765011,,,0,48382,96,
1,765012,765012,,,1,48382,18,
25,762243,762243,,,0,48108,17,
2499,762244,762244,,,0,48301,26,
2501,762245,762245,,,1,48301,32,
1529,762264,762264,,,1,48106,15,
8,762265,762265,,,0,48106,14,
1529,762266,762266,,,1,47739,15,
844,762267,762267,,,0,47758,108,
109,762269,762269,,,1,48122,116,
8,762270,762270,,,0,48122,14,
1529,762271,762271,,,1,48122,15,
8,762272,762272,,,0,48107,14,
27,762273,762273,,,1,48107,16,
25,762274,762274,,,0,48107,17,
27,762275,762275,,,1,48107,16,
25,762276,762276,,,0,48107,17,
27,762277,762277,,,1,48107,16,
25,762278,762278,,,0,48107,17,
11,765013,765013,,,0,48382,21,
9,765014,765014,,,1,48382,34,
5,765015,765015,,,0,48382,83,
2562,765016,765016,,,1,48382,95,
2559,765017,765017,,,0,48382,96,
1,765018,765018,,,1,48382,18,
11,765019,765019,,,0,48382,21,
9,765020,765020,,,1,48382,34,
5,765021,765021,,,0,48382,83,
426,765022,765022,,,1,48382,93,
413,765023,765023,,,0,48382,94,
1,765024,765024,,,1,48382,18,
11,765025,765025,,,0,48382,21,
2562,765026,765026,,,1,48382,95,
2559,765027,765027,,,0,48382,96,
1,765028,765028,,,1,48382,18,
11,765029,765029,,,0,48382,21,
27,763837,763837,,,1,48338,16,
25,763838,763838,,,0,48338,17,
27,763839,763839,,,1,48338,16,
25,763840,763840,,,0,48338,17,
27,763841,763841,,,1,48338,16,
25,763842,763842,,,0,48338,17,
27,763843,763843,,,1,48338,16,
25,763844,763844,,,0,48338,17,
1529,763845,763845,,,1,48338,15,
8,763846,763846,,,0,48338,14,
27,763847,763847,,,1,48338,16,
25,763848,763848,,,0,48338,17,
27,763849,763849,,,1,48338,16,
25,763850,763850,,,0,48338,17,
27,763851,763851,,,1,48338,16,
25,763852,763852,,,0,48338,17,
27,763853,763853,,,1,48338,16,
9,762173,762173,,,1,47748,34,
5,762174,762174,,,0,47748,83,
2562,762175,762175,,,1,47697,95,
2559,762195,762195,,,0,47697,96,
1,762196,762196,,,1,48112,18,
11,762197,762197,,,0,47717,21,
9,762198,762198,,,1,47717,34,
5,762199,762199,,,0,47717,83,
1,762200,762200,,,1,48119,18,
11,762201,762201,,,0,47720,21,
2798,762202,762202,,,1,47720,66,
2799,762203,762203,,,0,47720,131,
1262,762206,762206,,,1,47734,11,
11,762207,762207,,,0,47734,21,
9,762208,762208,,,1,47731,34,
5,762209,762209,,,0,47731,83,
2562,765030,765030,,,1,48382,95,
2559,765031,765031,,,0,48382,96,
843,765034,765034,,,1,48383,53,
25,765035,765035,,,0,48383,17,
27,765036,765036,,,1,48383,16,
2263,765037,765037,,,0,48383,36,
16,765038,765038,,,0,48383,33,
6,765039,765039,,,1,48383,38,
2285,765040,765040,,,1,48383,51,
2263,765041,765041,,,0,48383,36,
16,765042,765042,,,0,48383,33,
6,765043,765043,,,1,48383,38,
2285,765044,765044,,,1,48383,51,
2263,765045,765045,,,0,48383,36,
9,762210,762210,,,1,48112,34,
5,762211,762211,,,0,48112,83,
1,762212,762212,,,1,47734,18,
11,762247,762247,,,0,48114,21,
2562,762248,762248,,,1,48114,95,
2559,762249,762249,,,0,48114,96,
1,762250,762250,,,1,48114,18,
1,762251,762251,,,1,48114,18,
11,762252,762252,,,0,47702,21,
9,762253,762253,,,1,48119,34,
5,762254,762254,,,0,48119,83,
1,762255,762255,,,1,47697,18,
11,762256,762256,,,0,47734,21,
2562,762257,762257,,,1,47734,95,
2559,762258,762258,,,0,47734,96,
9,762259,762259,,,1,47734,34,
5,762260,762260,,,0,47734,83,
2562,762261,762261,,,1,47734,95,
2561,762262,762262,,,0,47734,118,
16,765046,765046,,,0,48383,33,
6,765047,765047,,,1,48383,38,
2285,765048,765048,,,1,48383,51,
2263,765049,765049,,,0,48383,36,
16,765050,765050,,,0,48383,33,
6,765051,765051,,,1,48383,38,
2285,765052,765052,,,1,48383,51,
2263,765053,765053,,,0,48383,36,
16,765054,765054,,,0,48383,33,
6,765055,765055,,,1,48383,38,
2285,765056,765056,,,1,48383,51,
2263,765057,765057,,,0,48383,36,
16,765058,765058,,,0,48383,33,
2152,765059,765059,,,1,48383,2,
2271,762301,762301,,,1,47735,115,
2241,762302,762302,,,0,48305,47,
453,762303,762303,,,1,47723,121,
472,762304,762304,,,0,47723,124,
2232,762305,762305,,,0,47723,48,
2260,762306,762306,,,1,47728,99,
1,762307,762307,,,1,47728,18,
11,762308,762308,,,0,47728,21,
1,762309,762309,,,1,47728,18,
11,762310,762310,,,0,47697,21,
1,762311,762311,,,1,47702,18,
11,762312,762312,,,0,48112,21,
1262,762314,762314,,,1,48305,11,
2285,762315,762315,,,1,48305,51,
25,763854,763854,,,0,48338,17,
27,763855,763855,,,1,48338,16,
25,763856,763856,,,0,48338,17,
1529,763857,763857,,,1,48338,15,
8,763858,763858,,,0,48338,14,
1529,763859,763859,,,1,48338,15,
8,763860,763860,,,0,48338,14,
27,763861,763861,,,1,48338,16,
1431,763862,763862,,,0,48338,68,
109,763865,763865,,,1,48339,116,
343,763866,763866,,,0,48339,45,
258,763867,763867,,,1,48339,13,
8,763868,763868,,,0,48339,14,
1529,763869,763869,,,1,48339,15,
1673,765062,765062,,,1,48384,136,
16,765063,765063,,,0,48384,33,
6,765064,765064,,,1,48384,38,
2285,765065,765065,,,1,48384,51,
2263,765066,765066,,,0,48384,36,
16,765067,765067,,,0,48384,33,
6,765068,765068,,,1,48384,38,
2285,765069,765069,,,1,48384,51,
2263,765070,765070,,,0,48384,36,
16,765071,765071,,,0,48384,33,
6,765072,765072,,,1,48384,38,
2285,765073,765073,,,1,48384,51,
2263,765074,765074,,,0,48384,36,
16,765075,765075,,,0,48384,33,
6,765076,765076,,,1,48384,38,
2263,762316,762316,,,0,47735,36,
11,762317,762317,,,0,48110,21,
47,762338,762338,,,1,47719,133,
1529,762339,762339,,,1,47705,15,
8,762340,762340,,,0,47705,14,
2793,762341,762341,,,1,47722,87,
2805,762342,762342,,,0,47722,64,
2800,762343,762343,,,1,48293,65,
2805,762344,762344,,,0,48293,64,
2232,762345,762345,,,0,47756,48,
845,762347,762347,,,1,47737,137,
413,762348,762348,,,0,47737,94,
2337,762349,762349,,,1,47756,104,
1425,762350,762350,,,0,47756,79,
2285,765077,765077,,,1,48384,51,
2263,765078,765078,,,0,48384,36,
16,765079,765079,,,0,48384,33,
6,765080,765080,,,1,48384,38,
2285,765081,765081,,,1,48384,51,
2263,765082,765082,,,0,48384,36,
16,765083,765083,,,0,48384,33,
6,765084,765084,,,1,48384,38,
2285,765085,765085,,,1,48384,51,
2263,765086,765086,,,0,48384,36,
2847,765087,765087,,,0,48384,129,
843,765090,765090,,,1,48385,53,
2263,765091,765091,,,0,48385,36,
16,765092,765092,,,0,48385,33,
34,762981,762981,,,1,47702,54,
27,762279,762279,,,1,48107,16,
25,762280,762280,,,0,48107,17,
27,762281,762281,,,1,48107,16,
1529,762282,762282,,,1,48107,15,
8,762283,762283,,,0,48304,14,
1529,762284,762284,,,1,48303,15,
8,762285,762285,,,0,48303,14,
1529,762286,762286,,,1,48291,15,
8,762287,762287,,,0,48291,14,
1529,762288,762288,,,1,48291,15,
8,762289,762289,,,0,48291,14,
1529,762290,762290,,,1,48298,15,
8,762291,762291,,,0,48298,14,
27,762292,762292,,,1,48122,16,
1431,762293,762293,,,0,48122,68,
1372,762296,762296,,,1,47708,46,
6,765093,765093,,,1,48385,38,
2285,765094,765094,,,1,48385,51,
2263,765095,765095,,,0,48385,36,
16,765096,765096,,,0,48385,33,
6,765097,765097,,,1,48385,38,
2285,765098,765098,,,1,48385,51,
2263,765099,765099,,,0,48385,36,
16,765100,765100,,,0,48385,33,
6,765101,765101,,,1,48385,38,
2285,765102,765102,,,1,48385,51,
2263,765103,765103,,,0,48385,36,
16,765104,765104,,,0,48385,33,
6,765105,765105,,,1,48385,38,
2285,765106,765106,,,1,48385,51,
2263,765107,765107,,,0,48385,36,
16,765108,765108,,,0,48385,33,
8,763870,763870,,,0,48339,14,
1529,763871,763871,,,1,48339,15,
8,763872,763872,,,0,48339,14,
1529,763873,763873,,,1,48339,15,
8,763874,763874,,,0,48339,14,
1529,763875,763875,,,1,48339,15,
2242,763876,763876,,,1,48339,22,
2276,763877,763877,,,0,48339,27,
2501,763879,763879,,,1,48339,32,
2499,763880,763880,,,0,48339,26,
2501,763881,763881,,,1,48339,32,
2499,763882,763882,,,0,48339,26,
8,763884,763884,,,0,48339,14,
1529,763885,763885,,,1,48339,15,
8,763886,763886,,,0,48339,14,
2707,762352,762352,,,1,48304,89,
2705,762353,762353,,,0,48304,90,
1373,762391,762391,,,1,47745,50,
336,762392,762392,,,0,47745,10,
185,762393,762393,,,0,48293,135,
2703,762394,762394,,,0,48293,138,
2501,762395,762395,,,1,48107,32,
843,762397,762397,,,1,48108,53,
664,762398,762398,,,0,48108,61,
666,762399,762399,,,1,48302,62,
25,762400,762400,,,0,48302,17,
1529,762401,762401,,,1,47751,15,
8,762402,762402,,,0,47751,14,
1175,762403,762403,,,1,48305,139,
2079,762404,762404,,,0,48305,140,
2381,762405,762405,,,1,48305,5,
343,762297,762297,,,0,47748,45,
258,762298,762298,,,1,47736,13,
8,762299,762299,,,0,47749,14,
5,762984,762984,,,0,48116,83,
6,765109,765109,,,1,48385,38,
2285,765110,765110,,,1,48385,51,
2263,765111,765111,,,0,48385,36,
16,765112,765112,,,0,48385,33,
410,765113,765113,,,0,48385,60,
2260,765114,765114,,,1,48386,99,
1,765115,765115,,,1,48386,18,
11,765116,765116,,,0,48386,21,
2562,765117,765117,,,1,48386,95,
2559,765118,765118,,,0,48386,96,
9,765119,765119,,,1,48386,34,
5,765120,765120,,,0,48386,83,
1,765121,765121,,,1,48386,18,
11,765122,765122,,,0,48386,21,
2562,765123,765123,,,1,48386,95,
2559,765124,765124,,,0,48386,96,
2497,762406,762406,,,0,48305,6,
692,762407,762407,,,1,48305,7,
690,762408,762408,,,0,48305,141,
2381,762409,762409,,,1,47735,5,
336,762411,762411,,,0,47696,10,
2381,762413,762413,,,1,47696,5,
2497,762414,762414,,,0,47696,6,
2381,762415,762415,,,1,47696,5,
2497,762416,762416,,,0,47696,6,
1175,762417,762417,,,1,48303,139,
202,762418,762418,,,0,48303,142,
2798,762419,762419,,,1,48120,66,
2801,762420,762420,,,0,48120,130,
426,762421,762421,,,1,47752,93,
413,762422,762422,,,0,47752,94,
2800,762423,762423,,,1,48302,65,
9,765125,765125,,,1,48386,34,
5,765126,765126,,,0,48386,83,
1,765127,765127,,,1,48386,18,
11,765128,765128,,,0,48386,21,
2562,765129,765129,,,1,48386,95,
2559,765130,765130,,,0,48386,96,
1,765131,765131,,,1,48386,18,
11,765132,765132,,,0,48386,21,
9,765133,765133,,,1,48386,34,
5,765134,765134,,,0,48386,83,
1,765135,765135,,,1,48386,18,
11,765136,765136,,,0,48386,21,
9,765137,765137,,,1,48386,34,
5,765138,765138,,,0,48386,83,
1,765139,765139,,,1,48386,18,
11,765140,765140,,,0,48386,21,
2562,765141,765141,,,1,48386,95,
9,762985,762985,,,1,48116,34,
2559,763171,763171,,,0,48119,96,
5,765371,765371,,,0,48119,83,
39,765372,765372,,,1,47732,3,
16,765373,765373,,,0,47754,33,
2499,763888,763888,,,0,48339,26,
2501,763889,763889,,,1,48339,32,
847,763892,763892,,,1,48340,125,
360,763893,763893,,,0,48340,19,
385,763894,763894,,,1,48340,20,
11,763895,763895,,,0,48340,21,
1,763896,763896,,,1,48340,18,
2285,763897,763897,,,1,48340,51,
2263,763898,763898,,,0,48340,36,
16,763899,763899,,,0,48340,33,
34,763900,763900,,,1,48340,54,
44,763901,763901,,,0,48340,37,
6,763902,763902,,,1,48340,38,
2805,762424,762424,,,0,48302,64,
2798,762425,762425,,,1,48302,66,
2794,762426,762426,,,0,48302,67,
2798,762446,762446,,,1,48302,66,
2804,762447,762447,,,1,48302,143,
2794,762448,762448,,,0,48302,67,
2241,762449,762449,,,0,48302,47,
81,762450,762450,,,1,48296,97,
2802,762451,762451,,,0,48296,101,
2812,762452,762452,,,1,48296,98,
148,762453,762453,,,0,48296,75,
2381,762455,762455,,,1,47739,5,
2497,762456,762456,,,0,47739,6,
2798,762457,762457,,,1,48107,66,
2794,762458,762458,,,0,48107,67,
1,762459,762459,,,1,47697,18,
11,762460,762460,,,0,47697,21,
2561,765142,765142,,,0,48386,118,
2260,765144,765144,,,1,48387,99,
1,765145,765145,,,1,48387,18,
11,765146,765146,,,0,48387,21,
2295,765147,765147,,,1,48387,78,
2241,765148,765148,,,0,48387,47,
1,765149,765149,,,1,48387,18,
11,765150,765150,,,0,48387,21,
1,765151,765151,,,1,48387,18,
11,765152,765152,,,0,48387,21,
2562,765153,765153,,,1,48387,95,
2559,765154,765154,,,0,48387,96,
9,765155,765155,,,1,48387,34,
5,765156,765156,,,0,48387,83,
2800,765157,765157,,,1,48387,65,
2152,765374,765374,,,1,47754,2,
1831,762987,762987,,,1,48307,28,
1744,762988,762988,,,0,48307,31,
1831,762989,762989,,,1,48307,28,
1744,762990,762990,,,0,48307,31,
1831,762991,762991,,,1,48307,28,
1689,762992,762992,,,0,48307,29,
1682,762993,762993,,,1,48307,30,
1744,762994,762994,,,0,48307,31,
1831,762995,762995,,,1,48307,28,
1689,762996,762996,,,0,48307,29,
1682,762997,762997,,,1,48307,30,
1744,762998,762998,,,0,48307,31,
1831,762999,762999,,,1,48307,28,
2808,762463,762463,,,1,47739,144,
2803,762480,762480,,,0,47739,114,
2562,762481,762481,,,1,47694,95,
2559,762482,762482,,,0,47694,96,
13,762483,762483,,,1,47756,73,
12,762484,762484,,,0,47756,72,
13,762485,762485,,,1,48297,73,
12,762486,762486,,,0,48297,72,
81,762487,762487,,,1,48295,97,
148,762488,762488,,,0,48295,75,
2801,762489,762489,,,0,48296,130,
2804,762490,762490,,,1,48295,143,
2801,762491,762491,,,0,48295,130,
2562,762492,762492,,,1,47752,95,
2559,762493,762493,,,0,47752,96,
2562,762494,762494,,,1,47697,95,
2559,762495,762495,,,0,47697,96,
2805,765158,765158,,,0,48387,64,
2562,765159,765159,,,1,48387,95,
2559,765160,765160,,,0,48387,96,
1,765161,765161,,,1,48387,18,
11,765162,765162,,,0,48387,21,
9,765163,765163,,,1,48387,34,
5,765164,765164,,,0,48387,83,
1,765165,765165,,,1,48387,18,
11,765166,765166,,,0,48387,21,
2562,765167,765167,,,1,48387,95,
2559,765168,765168,,,0,48387,96,
1,765169,765169,,,1,48387,18,
11,765170,765170,,,0,48387,21,
2562,765171,765171,,,1,48387,95,
2559,765172,765172,,,0,48387,96,
1,765173,765173,,,1,48387,18,
2703,765174,765174,,,0,48387,138,
2285,763903,763903,,,1,48340,51,
2263,763904,763904,,,0,48340,36,
16,763905,763905,,,0,48340,33,
34,763906,763906,,,1,48340,54,
44,763907,763907,,,0,48340,37,
6,763908,763908,,,1,48340,38,
2285,763909,763909,,,1,48340,51,
2263,763910,763910,,,0,48340,36,
16,763911,763911,,,0,48340,33,
34,763912,763912,,,1,48340,54,
44,763913,763913,,,0,48340,37,
39,763914,763914,,,1,48340,3,
54,763915,763915,,,0,48340,4,
39,763916,763916,,,1,48340,3,
54,763917,763917,,,0,48340,4,
2152,763918,763918,,,1,48340,2,
2155,763919,763919,,,0,48340,1,
1689,763000,763000,,,0,48307,29,
1682,763001,763001,,,1,48307,30,
1744,763002,763002,,,0,48307,31,
1831,763003,763003,,,1,48307,28,
1689,763004,763004,,,0,48307,29,
1682,763005,763005,,,1,48307,30,
1744,763006,763006,,,0,48307,31,
1831,763007,763007,,,1,48307,28,
1689,763008,763008,,,0,48307,29,
1682,763009,763009,,,1,48307,30,
1744,763010,763010,,,0,48307,31,
1831,763013,763013,,,1,48308,28,
1689,763014,763014,,,0,48308,29,
1682,763015,763015,,,1,48308,30,
420,762496,762496,,,1,48294,84,
399,762497,762497,,,0,48294,85,
2814,762518,762518,,,1,47741,74,
2802,762519,762519,,,0,48292,101,
2812,762520,762520,,,1,48292,98,
148,762521,762521,,,0,48292,75,
81,762522,762522,,,1,48293,97,
2802,762523,762523,,,0,48293,101,
2812,762524,762524,,,1,48293,98,
148,762525,762525,,,0,48293,75,
81,762526,762526,,,1,48298,97,
2802,762527,762527,,,0,48298,101,
2812,762528,762528,,,1,48298,98,
2337,762529,762529,,,1,47715,104,
1425,762530,762530,,,0,47715,79,
2804,762531,762531,,,1,47715,143,
2794,762532,762532,,,0,47715,67,
2560,765177,765177,,,1,48388,145,
2559,765178,765178,,,0,48388,96,
2562,765179,765179,,,1,48388,95,
2559,765180,765180,,,0,48388,96,
9,765181,765181,,,1,48388,34,
5,765182,765182,,,0,48388,83,
2562,765183,765183,,,1,48388,95,
2559,765184,765184,,,0,48388,96,
1,765185,765185,,,1,48388,18,
11,765186,765186,,,0,48388,21,
1,765187,765187,,,1,48388,18,
11,765188,765188,,,0,48388,21,
2562,765189,765189,,,1,48388,95,
2559,765190,765190,,,0,48388,96,
1689,763016,763016,,,0,48308,29,
1682,763017,763017,,,1,48308,30,
1744,763018,763018,,,0,48308,31,
1831,763019,763019,,,1,48308,28,
1689,763020,763020,,,0,48308,29,
1682,763021,763021,,,1,48308,30,
1744,763022,763022,,,0,48308,31,
1831,763023,763023,,,1,48308,28,
1689,763024,763024,,,0,48308,29,
1682,763025,763025,,,1,48308,30,
1744,763026,763026,,,0,48308,31,
1831,763027,763027,,,1,48308,28,
1689,763028,763028,,,0,48308,29,
1682,763029,763029,,,1,48308,30,
1744,763030,763030,,,0,48308,31,
1831,763031,763031,,,1,48308,28,
2800,762533,762533,,,1,48301,65,
2805,762534,762534,,,0,48301,64,
420,762535,762535,,,1,48119,84,
399,762536,762536,,,0,48119,85,
2716,762537,762537,,,1,48295,76,
2713,762538,762538,,,0,48295,77,
2796,762539,762539,,,1,48295,110,
2803,762540,762540,,,0,48295,114,
1,762541,762541,,,1,47697,18,
2703,762542,762542,,,0,47697,138,
2562,762544,762544,,,1,47743,95,
2559,762545,762545,,,0,47743,96,
2716,762546,762546,,,1,47741,76,
2241,762547,762547,,,0,47741,47,
13,762548,762548,,,1,48300,73,
12,762549,762549,,,0,48300,72,
13,762550,762550,,,1,48300,73,
2152,763920,763920,,,1,48340,2,
1673,763923,763923,,,1,48341,136,
16,763924,763924,,,0,48341,33,
39,763925,763925,,,1,48341,3,
54,763926,763926,,,0,48341,4,
6,763927,763927,,,1,48341,38,
2285,763928,763928,,,1,48341,51,
2263,763929,763929,,,0,48341,36,
16,763930,763930,,,0,48341,33,
39,763931,763931,,,1,48341,3,
54,763932,763932,,,0,48341,4,
6,763933,763933,,,1,48341,38,
2285,763934,763934,,,1,48341,51,
2263,763935,763935,,,0,48341,36,
1,765191,765191,,,1,48388,18,
11,765192,765192,,,0,48388,21,
9,765193,765193,,,1,48388,34,
5,765194,765194,,,0,48388,83,
2562,765195,765195,,,1,48388,95,
2559,765196,765196,,,0,48388,96,
1,765197,765197,,,1,48388,18,
11,765198,765198,,,0,48388,21,
2562,765199,765199,,,1,48388,95,
2559,765200,765200,,,0,48388,96,
9,765201,765201,,,1,48388,34,
5,765202,765202,,,0,48388,83,
420,765203,765203,,,1,48388,84,
2851,765204,765204,,,0,48388,146,
1689,763032,763032,,,0,48308,29,
1682,763033,763033,,,1,48308,30,
1744,763034,763034,,,0,48308,31,
1831,763035,763035,,,1,48308,28,
1689,763036,763036,,,0,48308,29,
1682,763037,763037,,,1,48308,30,
1689,763038,763038,,,0,48308,29,
42,763039,763039,,,0,48308,35,
1831,763042,763042,,,1,48309,28,
1744,763043,763043,,,0,48309,31,
1831,763044,763044,,,1,48309,28,
1744,763045,763045,,,0,48309,31,
1831,763046,763046,,,1,48309,28,
1689,763047,763047,,,0,48309,29,
1682,763048,763048,,,1,48309,30,
12,762551,762551,,,0,48300,72,
2179,762552,762552,,,1,48300,80,
2188,762553,762553,,,0,48300,81,
2562,762566,762566,,,1,48119,95,
2804,762567,762567,,,1,47756,143,
2794,762568,762568,,,0,47756,67,
2179,762569,762569,,,1,47736,80,
2188,762570,762570,,,0,47736,81,
2796,762571,762571,,,1,47702,110,
2803,762572,762572,,,0,47702,114,
420,762573,762573,,,1,47752,84,
399,762574,762574,,,0,47752,85,
420,762575,762575,,,1,48294,84,
399,762576,762576,,,0,48294,85,
426,762577,762577,,,1,48294,93,
413,762578,762578,,,0,48294,94,
1529,762579,762579,,,1,48298,15,
844,762580,762580,,,0,48298,108,
81,765207,765207,,,1,48389,97,
2802,765208,765208,,,0,48389,101,
2812,765209,765209,,,1,48389,98,
148,765210,765210,,,0,48389,75,
81,765211,765211,,,1,48389,97,
2802,765212,765212,,,0,48389,101,
2812,765213,765213,,,1,48389,98,
148,765214,765214,,,0,48389,75,
81,765215,765215,,,1,48389,97,
2802,765216,765216,,,0,48389,101,
2812,765217,765217,,,1,48389,98,
148,765218,765218,,,0,48389,75,
420,765219,765219,,,1,48389,84,
399,765220,765220,,,0,48389,85,
16,763936,763936,,,0,48341,33,
39,763937,763937,,,1,48341,3,
54,763938,763938,,,0,48341,4,
6,763939,763939,,,1,48341,38,
2285,763940,763940,,,1,48341,51,
2263,763941,763941,,,0,48341,36,
16,763942,763942,,,0,48341,33,
39,763943,763943,,,1,48341,3,
54,763944,763944,,,0,48341,4,
6,763945,763945,,,1,48341,38,
2285,763946,763946,,,1,48341,51,
2263,763947,763947,,,0,48341,36,
16,763948,763948,,,0,48341,33,
410,763949,763949,,,0,48341,60,
1744,763049,763049,,,0,48309,31,
1831,763050,763050,,,1,48309,28,
1689,763051,763051,,,0,48309,29,
1682,763052,763052,,,1,48309,30,
1744,763053,763053,,,0,48309,31,
1831,763054,763054,,,1,48309,28,
1689,763055,763055,,,0,48309,29,
1682,763056,763056,,,1,48309,30,
1744,763057,763057,,,0,48309,31,
1831,763058,763058,,,1,48309,28,
1689,763059,763059,,,0,48309,29,
1682,763060,763060,,,1,48309,30,
1744,763061,763061,,,0,48309,31,
1831,763062,763062,,,1,48309,28,
1689,763063,763063,,,0,48309,29,
1682,763064,763064,,,1,48309,30,
2807,762583,762583,,,1,48303,147,
2794,762584,762584,,,0,48303,67,
2798,762585,762585,,,1,47739,66,
2794,762586,762586,,,0,47739,67,
2798,762587,762587,,,1,48305,66,
2794,762588,762588,,,0,48305,67,
2800,762589,762589,,,1,48305,65,
2805,762590,762590,,,0,48305,64,
13,762591,762591,,,1,48112,73,
2256,762592,762592,,,1,47743,148,
2079,762593,762593,,,0,47743,140,
2260,762595,762595,,,1,48119,99,
13,762596,762596,,,1,48303,73,
81,765221,765221,,,1,48389,97,
2802,765222,765222,,,0,48389,101,
2812,765223,765223,,,1,48389,98,
148,765224,765224,,,0,48389,75,
2798,765225,765225,,,1,48389,66,
2794,765226,765226,,,0,48389,67,
2800,765227,765227,,,1,48389,65,
2805,765228,765228,,,0,48389,64,
2275,765230,765230,,,1,48390,149,
1165,765231,765231,,,0,48390,150,
2798,765233,765233,,,1,48390,66,
2794,765234,765234,,,0,48390,67,
2798,765235,765235,,,1,48390,66,
2794,765236,765236,,,0,48390,67,
12,762597,762597,,,0,48303,72,
420,762598,762598,,,1,47694,84,
399,762599,762599,,,0,47694,85,
2381,762601,762601,,,1,47746,5,
2497,762602,762602,,,0,47746,6,
2381,762603,762603,,,1,47702,5,
2497,762604,762604,,,0,47702,6,
1510,762605,762605,,,1,47702,151,
1511,762606,762606,,,0,47702,117,
2797,762608,762608,,,1,48120,152,
2867,762609,762609,,,0,48120,25,
8,762610,762610,,,0,48120,14,
1529,762611,762611,,,1,48120,15,
2868,762612,762612,,,1,48120,24,
2569,762613,762613,,,0,48120,153,
1,762614,762614,,,1,47748,18,
11,762615,762615,,,0,48292,21,
1744,763065,763065,,,0,48309,31,
1831,763066,763066,,,1,48309,28,
1744,763067,763067,,,0,48309,31,
1831,763068,763068,,,1,48309,28,
1744,763069,763069,,,0,48309,31,
14,763072,763072,,,1,48310,44,
1682,763073,763073,,,1,48310,30,
1689,763074,763074,,,0,48310,29,
1682,763075,763075,,,1,48310,30,
1689,763076,763076,,,0,48310,29,
1682,763077,763077,,,1,48310,30,
1744,763078,763078,,,0,48310,31,
1831,763079,763079,,,1,48310,28,
1689,763080,763080,,,0,48310,29,
13,763951,763951,,,1,48342,73,
12,763952,763952,,,0,48342,72,
13,763953,763953,,,1,48342,73,
12,763954,763954,,,0,48342,72,
13,763955,763955,,,1,48342,73,
12,763956,763956,,,0,48342,72,
13,763957,763957,,,1,48342,73,
12,763958,763958,,,0,48342,72,
2179,763959,763959,,,1,48342,80,
2188,763960,763960,,,0,48342,81,
13,763961,763961,,,1,48342,73,
12,763962,763962,,,0,48342,72,
13,763963,763963,,,1,48342,73,
12,763964,763964,,,0,48342,72,
1,763965,763965,,,1,48342,18,
11,763966,763966,,,0,48342,21,
13,763967,763967,,,1,48342,73,
1,762616,762616,,,1,47732,18,
11,762617,762617,,,0,47754,21,
2266,762618,762618,,,1,47745,39,
2290,762619,762619,,,0,47745,40,
2256,762620,762620,,,1,47745,148,
2234,762621,762621,,,0,47745,154,
2266,762622,762622,,,1,47719,39,
2290,762623,762623,,,0,47719,40,
2275,762624,762624,,,1,47719,149,
1165,762625,762625,,,0,47719,150,
1510,762626,762626,,,1,47719,151,
2704,762627,762627,,,0,47719,106,
2706,762630,762630,,,1,47719,109,
2867,765238,765238,,,0,48390,25,
2868,765239,765239,,,1,48390,24,
2569,765240,765240,,,0,48390,153,
2798,765242,765242,,,1,48390,66,
2794,765243,765243,,,0,48390,67,
2798,765244,765244,,,1,48390,66,
2794,765245,765245,,,0,48390,67,
1529,765247,765247,,,1,48390,15,
8,765248,765248,,,0,48390,14,
1510,765250,765250,,,1,48390,151,
1511,765251,765251,,,0,48390,117,
1529,765253,765253,,,1,48390,15,
1682,763081,763081,,,1,48310,30,
1744,763082,763082,,,0,48310,31,
1831,763083,763083,,,1,48310,28,
1689,763084,763084,,,0,48310,29,
1682,763085,763085,,,1,48310,30,
1744,763086,763086,,,0,48310,31,
1831,763087,763087,,,1,48310,28,
1689,763088,763088,,,0,48310,29,
1682,763089,763089,,,1,48310,30,
1744,763090,763090,,,0,48310,31,
1831,763091,763091,,,1,48310,28,
1689,763092,763092,,,0,48310,29,
1682,763093,763093,,,1,48310,30,
1744,763094,763094,,,0,48310,31,
1831,763095,763095,,,1,48310,28,
1744,763096,763096,,,0,48310,31,
2701,762631,762631,,,0,47719,92,
847,762632,762632,,,1,47719,125,
16,762633,762633,,,0,47754,33,
410,762634,762634,,,0,47719,60,
847,762636,762636,,,1,47746,125,
2285,762637,762637,,,1,47746,51,
2263,762638,762638,,,0,47746,36,
16,762639,762639,,,0,47746,33,
410,762640,762640,,,0,47723,60,
2796,762642,762642,,,1,48292,110,
2803,762643,762643,,,0,47741,114,
13,762644,762644,,,1,48294,73,
12,762645,762645,,,0,48294,72,
2796,762646,762646,,,1,48302,110,
2803,762647,762647,,,0,48302,114,
8,765254,765254,,,0,48390,14,
81,765256,765256,,,1,48390,97,
2802,765257,765257,,,0,48390,101,
2812,765258,765258,,,1,48390,98,
148,765259,765259,,,0,48390,75,
2381,765262,765262,,,1,48391,5,
2705,765263,765263,,,0,48391,90,
1510,765264,765264,,,1,48391,151,
1511,765265,765265,,,0,48391,117,
2798,765267,765267,,,1,48391,66,
2794,765268,765268,,,0,48391,67,
2800,765269,765269,,,1,48391,65,
12,763968,763968,,,0,48342,72,
13,763969,763969,,,1,48342,73,
12,763970,763970,,,0,48342,72,
2179,763971,763971,,,1,48342,80,
2188,763972,763972,,,0,48342,81,
2800,763973,763973,,,1,48342,65,
2810,763974,763974,,,0,48342,86,
2793,763975,763975,,,1,48342,87,
2816,763976,763976,,,0,48342,88,
2296,763977,763977,,,0,48342,155,
2271,763979,763979,,,1,48343,115,
2241,763980,763980,,,0,48343,47,
2807,763982,763982,,,1,48343,147,
2794,763983,763983,,,0,48343,67,
14,763099,763099,,,1,48311,44,
42,763100,763100,,,0,48311,35,
14,763101,763101,,,1,48311,44,
42,763102,763102,,,0,48311,35,
14,763103,763103,,,1,48311,44,
42,763104,763104,,,0,48311,35,
14,763105,763105,,,1,48311,44,
42,763106,763106,,,0,48311,35,
14,763107,763107,,,1,48311,44,
42,763108,763108,,,0,48311,35,
14,763109,763109,,,1,48311,44,
42,763110,763110,,,0,48311,35,
14,763111,763111,,,1,48311,44,
2805,765270,765270,,,0,48391,64,
2716,765271,765271,,,1,48391,76,
2713,765272,765272,,,0,48391,77,
1175,765274,765274,,,1,48391,139,
202,765275,765275,,,0,48391,142,
27,765277,765277,,,1,48391,16,
25,765278,765278,,,0,48391,17,
27,765279,765279,,,1,48391,16,
25,765280,765280,,,0,48391,17,
1529,765281,765281,,,1,48391,15,
8,765282,765282,,,0,48391,14,
1529,765283,765283,,,1,48391,15,
8,765284,765284,,,0,48391,14,
2381,765286,765286,,,1,48391,5,
204,762648,762648,,,1,48304,111,
210,762649,762649,,,0,48304,112,
8,762650,762650,,,0,48303,14,
1529,762651,762651,,,1,47701,15,
8,762652,762652,,,0,47701,14,
109,762654,762654,,,1,47748,116,
204,762655,762655,,,1,48107,111,
210,762656,762656,,,0,48107,112,
204,762658,762658,,,1,48299,111,
46,762659,762659,,,0,48299,156,
1,762660,762660,,,1,48294,18,
11,762661,762661,,,0,48294,21,
11,762662,762662,,,0,47702,21,
9,762663,762663,,,1,48119,34,
5,762664,762664,,,0,48119,83,
2798,763984,763984,,,1,48343,66,
2794,763985,763985,,,0,48343,67,
420,763986,763986,,,1,48343,84,
399,763987,763987,,,0,48343,85,
420,763988,763988,,,1,48343,84,
399,763989,763989,,,0,48343,85,
420,763990,763990,,,1,48343,84,
399,763991,763991,,,0,48343,85,
2562,763992,763992,,,1,48343,95,
2559,763993,763993,,,0,48343,96,
1,763994,763994,,,1,48343,18,
11,763995,763995,,,0,48343,21,
2295,763996,763996,,,1,48343,78,
2241,763997,763997,,,0,48343,47,
420,763998,763998,,,1,48343,84,
399,763999,763999,,,0,48343,85,
42,763112,763112,,,0,48311,35,
14,763113,763113,,,1,48311,44,
42,763114,763114,,,0,48311,35,
14,763115,763115,,,1,48311,44,
42,763116,763116,,,0,48311,35,
14,763117,763117,,,1,48311,44,
42,763118,763118,,,0,48311,35,
14,763119,763119,,,1,48311,44,
42,763120,763120,,,0,48311,35,
14,763121,763121,,,1,48311,44,
42,763122,763122,,,0,48311,35,
14,763125,763125,,,1,48312,44,
42,763126,763126,,,0,48312,35,
14,763127,763127,,,1,48312,44,
2497,765287,765287,,,0,48391,6,
2235,765290,765290,,,1,48392,157,
690,765291,765291,,,0,48392,141,
2381,765292,765292,,,1,48392,5,
2497,765293,765293,,,0,48392,6,
1164,765296,765296,,,1,48392,158,
1165,765297,765297,,,0,48392,150,
1164,765298,765298,,,1,48392,158,
1165,765299,765299,,,0,48392,150,
1164,765300,765300,,,1,48392,158,
1165,765301,765301,,,0,48392,150,
426,764000,764000,,,1,48343,93,
413,764001,764001,,,0,48343,94,
420,764002,764002,,,1,48343,84,
399,764003,764003,,,0,48343,85,
2381,764005,764005,,,1,48343,5,
2497,764006,764006,,,0,48343,6,
2152,764008,764008,,,1,48343,2,
2155,764009,764009,,,0,48343,1,
39,764010,764010,,,1,48343,3,
2563,764011,764011,,,0,48343,119,
2564,764012,764012,,,1,48343,120,
2716,764014,764014,,,1,48344,76,
2713,764015,764015,,,0,48344,77,
420,764016,764016,,,1,48344,84,
42,763128,763128,,,0,48312,35,
14,763129,763129,,,1,48312,44,
42,763130,763130,,,0,48312,35,
14,763131,763131,,,1,48312,44,
42,763132,763132,,,0,48312,35,
14,763133,763133,,,1,48312,44,
42,763134,763134,,,0,48312,35,
14,763135,763135,,,1,48312,44,
42,763136,763136,,,0,48312,35,
14,763137,763137,,,1,48312,44,
42,763138,763138,,,0,48312,35,
14,763139,763139,,,1,48312,44,
42,763140,763140,,,0,48312,35,
14,763141,763141,,,1,48312,44,
42,763142,763142,,,0,48312,35,
14,763143,763143,,,1,48312,44,
2945,762666,762666,,,1,47749,159,
2944,762667,762667,,,0,47749,107,
2945,762668,762668,,,1,47720,159,
2944,762669,762669,,,0,48305,107,
2945,762670,762670,,,1,48291,159,
2771,762671,762671,,,0,48291,103,
1510,762674,762674,,,1,47696,151,
1511,762675,762675,,,0,47696,117,
2381,762676,762676,,,1,47696,5,
2497,762677,762677,,,0,47696,6,
692,762679,762679,,,1,47702,7,
690,762680,762680,,,0,47702,141,
2797,765303,765303,,,1,48392,152,
2867,765304,765304,,,0,48392,25,
2868,765305,765305,,,1,48392,24,
2867,765306,765306,,,0,48392,25,
2868,765309,765309,,,1,48392,24,
2569,765310,765310,,,0,48392,153,
1529,765312,765312,,,1,48392,15,
8,765313,765313,,,0,48392,14,
1529,765314,765314,,,1,48392,15,
2868,765315,765315,,,1,48392,24,
2569,765316,765316,,,0,48392,153,
2707,765318,765318,,,1,48392,89,
2705,765319,765319,,,0,48392,90,
399,764017,764017,,,0,48344,85,
2798,764018,764018,,,1,48344,66,
2794,764019,764019,,,0,48344,67,
81,764020,764020,,,1,48344,97,
2802,764021,764021,,,0,48344,101,
2812,764022,764022,,,1,48344,98,
148,764023,764023,,,0,48344,75,
2275,764025,764025,,,1,48345,149,
2276,764027,764027,,,0,48345,27,
420,764029,764029,,,1,48345,84,
399,764030,764030,,,0,48345,85,
420,764031,764031,,,1,48345,84,
42,763144,763144,,,0,48312,35,
14,763145,763145,,,1,48312,44,
42,763146,763146,,,0,48312,35,
14,763147,763147,,,1,48312,44,
42,763148,763148,,,0,48312,35,
14,763149,763149,,,1,48312,44,
42,763150,763150,,,0,48312,35,
14,763151,763151,,,1,48312,44,
42,763152,763152,,,0,48312,35,
14,763155,763155,,,1,48313,44,
42,763156,763156,,,0,48313,35,
14,763157,763157,,,1,48313,44,
42,763158,763158,,,0,48313,35,
14,763159,763159,,,1,48313,44,
42,763160,763160,,,0,48313,35,
2499,765322,765322,,,0,48393,26,
2501,765323,765323,,,1,48393,32,
2499,765324,765324,,,0,48393,26,
2501,765325,765325,,,1,48393,32,
2499,765326,765326,,,0,48393,26,
2501,765327,765327,,,1,48393,32,
2798,765329,765329,,,1,48393,66,
2794,765330,765330,,,0,48393,67,
2716,765331,765331,,,1,48393,76,
2713,765332,765332,,,0,48393,77,
420,765333,765333,,,1,48393,84,
399,765334,765334,,,0,48393,85,
2256,765336,765336,,,1,48393,148,
2234,765337,765337,,,0,48393,154,
2797,762682,762682,,,1,47739,152,
2867,762683,762683,,,0,47739,25,
2868,762684,762684,,,1,47739,24,
2867,762685,762685,,,0,47739,25,
2868,762686,762686,,,1,47723,24,
2569,762687,762687,,,0,47723,153,
2188,762688,762688,,,0,47748,81,
2813,762689,762689,,,1,48299,100,
2801,762690,762690,,,0,48299,130,
1,762691,762691,,,1,47734,18,
2868,762692,762692,,,1,47739,24,
2867,762693,762693,,,0,47739,25,
2797,762695,762695,,,1,48301,152,
2569,762696,762696,,,0,48301,153,
1,762697,762697,,,1,47720,18,
11,762698,762698,,,0,47732,21,
2295,762699,762699,,,1,48300,78,
2263,762700,762700,,,0,48300,36,
399,764032,764032,,,0,48345,85,
426,764033,764033,,,1,48345,93,
413,764034,764034,,,0,48345,94,
420,764035,764035,,,1,48345,84,
399,764036,764036,,,0,48345,85,
420,764037,764037,,,1,48345,84,
399,764038,764038,,,0,48345,85,
2798,764039,764039,,,1,48345,66,
2794,764040,764040,,,0,48345,67,
426,764041,764041,,,1,48345,93,
413,764042,764042,,,0,48345,94,
2562,764043,764043,,,1,48345,95,
2559,764044,764044,,,0,48345,96,
420,764045,764045,,,1,48345,84,
399,764046,764046,,,0,48345,85,
420,764047,764047,,,1,48345,84,
399,764048,764048,,,0,48345,85,
14,763161,763161,,,1,48313,44,
42,763162,763162,,,0,48313,35,
14,763163,763163,,,1,48313,44,
42,763164,763164,,,0,48313,35,
14,763165,763165,,,1,48313,44,
42,763166,763166,,,0,48313,35,
14,763167,763167,,,1,48313,44,
42,763168,763168,,,0,48313,35,
14,763169,763169,,,1,48313,44,
42,763170,763170,,,0,48313,35,
14,763172,763172,,,1,48313,44,
42,763173,763173,,,0,48313,35,
14,763174,763174,,,1,48313,44,
42,763175,763175,,,0,48313,35,
14,763176,763176,,,1,48313,44,
42,763177,763177,,,0,48313,35,
2260,765338,765338,,,1,48394,99,
2813,765339,765339,,,1,48394,100,
2801,765340,765340,,,0,48394,130,
2499,765342,765342,,,0,48394,26,
2501,765343,765343,,,1,48394,32,
2499,765344,765344,,,0,48394,26,
2501,765345,765345,,,1,48394,32,
2499,765346,765346,,,0,48394,26,
2501,765347,765347,,,1,48394,32,
1,765349,765349,,,1,48394,18,
11,765350,765350,,,0,48394,21,
2797,765352,765352,,,1,48394,152,
16,762701,762701,,,0,48300,33,
2152,762702,762702,,,1,48300,2,
1372,762705,762705,,,1,47751,46,
8,762706,762706,,,0,47751,14,
1529,762707,762707,,,1,47751,15,
8,762708,762708,,,0,47751,14,
1529,762709,762709,,,1,48304,15,
2868,762710,762710,,,1,48304,24,
2867,762711,762711,,,0,48304,25,
2868,762712,762712,,,1,47751,24,
2569,762713,762713,,,0,47751,153,
9,762714,762714,,,1,48119,34,
5,762715,762715,,,0,48119,83,
2276,762716,762716,,,0,47701,27,
8,762717,762717,,,0,47701,14,
2797,762718,762718,,,1,48305,152,
2716,764049,764049,,,1,48345,76,
2713,764050,764050,,,0,48345,77,
2179,764051,764051,,,1,48345,80,
2188,764052,764052,,,0,48345,81,
13,764053,764053,,,1,48345,73,
2852,764054,764054,,,0,48345,123,
2260,764056,764056,,,1,48346,99,
9,764057,764057,,,1,48346,34,
5,764058,764058,,,0,48346,83,
9,764059,764059,,,1,48346,34,
5,764060,764060,,,0,48346,83,
1,764061,764061,,,1,48346,18,
11,764062,764062,,,0,48346,21,
9,764063,764063,,,1,48346,34,
5,764064,764064,,,0,48346,83,
14,763178,763178,,,1,48313,44,
42,763179,763179,,,0,48313,35,
14,763180,763180,,,1,48313,44,
42,763181,763181,,,0,48313,35,
14,763184,763184,,,1,48314,44,
42,763185,763185,,,0,48314,35,
14,763186,763186,,,1,48314,44,
42,763187,763187,,,0,48314,35,
14,763188,763188,,,1,48314,44,
42,763189,763189,,,0,48314,35,
14,763190,763190,,,1,48314,44,
42,763191,763191,,,0,48314,35,
14,763192,763192,,,1,48314,44,
42,763193,763193,,,0,48314,35,
2867,762719,762719,,,0,48305,25,
2295,762720,762720,,,1,48295,78,
2241,762721,762721,,,0,48295,47,
2798,762722,762722,,,1,48295,66,
2794,762723,762723,,,0,48295,67,
2796,762724,762724,,,1,48119,110,
2803,762725,762725,,,0,48119,114,
1366,762727,762727,,,0,47752,160,
2155,762729,762729,,,0,47736,1,
2152,762730,762730,,,1,47702,2,
2155,762731,762731,,,0,47702,1,
6,762732,762732,,,1,48296,38,
2285,762733,762733,,,1,48296,51,
2241,762734,762734,,,0,48298,47,
426,762735,762735,,,1,48119,93,
413,762736,762736,,,0,48119,94,
2867,765353,765353,,,0,48394,25,
2868,765354,765354,,,1,48394,24,
2867,765355,765355,,,0,48394,25,
8,765356,765356,,,0,48394,14,
1529,765357,765357,,,1,48394,15,
8,765358,765358,,,0,48394,14,
2499,765360,765360,,,0,48394,26,
2501,765361,765361,,,1,48394,32,
2797,765362,765362,,,1,48394,152,
2569,765363,765363,,,0,48394,153,
2707,765365,765365,,,1,48394,89,
2705,765366,765366,,,0,48394,90,
2499,765369,765369,,,0,48394,26,
14,763194,763194,,,1,48314,44,
42,763195,763195,,,0,48314,35,
14,763196,763196,,,1,48314,44,
42,763197,763197,,,0,48314,35,
14,763198,763198,,,1,48314,44,
42,763199,763199,,,0,48314,35,
14,763200,763200,,,1,48314,44,
42,763201,763201,,,0,48314,35,
14,763202,763202,,,1,48314,44,
42,763203,763203,,,0,48314,35,
14,763204,763204,,,1,48314,44,
42,763205,763205,,,0,48314,35,
1831,763208,763208,,,1,48315,28,
1,764065,764065,,,1,48346,18,
11,764066,764066,,,0,48346,21,
9,764067,764067,,,1,48346,34,
5,764068,764068,,,0,48346,83,
1,764069,764069,,,1,48346,18,
11,764070,764070,,,0,48346,21,
1,764071,764071,,,1,48346,18,
11,764072,764072,,,0,48346,21,
1,764073,764073,,,1,48346,18,
11,764074,764074,,,0,48346,21,
1,764075,764075,,,1,48346,18,
11,764076,764076,,,0,48346,21,
9,764077,764077,,,1,48346,34,
5,764078,764078,,,0,48346,83,
420,764079,764079,,,1,48346,84,
399,764080,764080,,,0,48346,85,
2804,762737,762737,,,1,48297,143,
2794,762738,762738,,,0,48297,67,
2813,762739,762739,,,1,48299,100,
2801,762740,762740,,,0,48294,130,
2804,762741,762741,,,1,48297,143,
2794,762742,762742,,,0,48297,67,
2798,762743,762743,,,1,48300,66,
2794,762744,762744,,,0,48300,67,
13,762745,762745,,,1,48300,73,
12,762746,762746,,,0,48300,72,
2798,762747,762747,,,1,48300,66,
2794,762748,762748,,,0,48300,67,
1,762749,762749,,,1,47717,18,
11,762750,762750,,,0,47753,21,
2276,762751,762751,,,0,48296,27,
1,762754,762754,,,1,47753,18,
1744,763209,763209,,,0,48315,31,
1831,763210,763210,,,1,48315,28,
1744,763211,763211,,,0,48315,31,
1831,763212,763212,,,1,48315,28,
1689,763213,763213,,,0,48315,29,
1682,763214,763214,,,1,48315,30,
1744,763215,763215,,,0,48315,31,
1831,763216,763216,,,1,48315,28,
1689,763217,763217,,,0,48315,29,
1682,763218,763218,,,1,48315,30,
1744,763219,763219,,,0,48315,31,
1831,763220,763220,,,1,48315,28,
1689,763221,763221,,,0,48315,29,
1682,763222,763222,,,1,48315,30,
1744,763223,763223,,,0,48315,31,
1831,763224,763224,,,1,48315,28,
288,765375,765375,,,1,47731,23,
664,765376,765376,,,0,47731,61,
2285,765377,765377,,,1,48114,51,
2263,765378,765378,,,0,48114,36,
360,762755,762755,,,0,47753,19,
385,762756,762756,,,1,48110,20,
47,762758,762758,,,1,48106,133,
847,762759,762759,,,1,47737,125,
360,762760,762760,,,0,48110,19,
11,762761,762761,,,0,48114,21,
1,762762,762762,,,1,47731,18,
11,762763,762763,,,0,48114,21,
1,762766,762766,,,1,47754,18,
16,762767,762767,,,0,47754,33,
2152,762768,762768,,,1,47753,2,
2499,762769,762769,,,0,48301,26,
2501,762770,762770,,,1,48301,32,
2499,762771,762771,,,0,48301,26,
2501,762772,762772,,,1,48301,32,
1,764081,764081,,,1,48346,18,
11,764082,764082,,,0,48346,21,
2562,764083,764083,,,1,48346,95,
2561,764084,764084,,,0,48346,118,
417,764086,764086,,,1,48347,52,
2152,764087,764087,,,1,48347,2,
2155,764088,764088,,,0,48347,1,
6,764089,764089,,,1,48347,38,
2285,764090,764090,,,1,48347,51,
2263,764091,764091,,,0,48347,36,
11,764092,764092,,,0,48347,21,
2562,764093,764093,,,1,48347,95,
2559,764094,764094,,,0,48347,96,
1,764095,764095,,,1,48347,18,
11,764096,764096,,,0,48347,21,
1689,763225,763225,,,0,48315,29,
1682,763226,763226,,,1,48315,30,
1744,763227,763227,,,0,48315,31,
1831,763228,763228,,,1,48315,28,
1689,763229,763229,,,0,48315,29,
1682,763230,763230,,,1,48315,30,
1689,763231,763231,,,0,48315,29,
1682,763232,763232,,,1,48315,30,
1689,763233,763233,,,0,48315,29,
42,763234,763234,,,0,48315,35,
14,763237,763237,,,1,48316,44,
1682,763238,763238,,,1,48316,30,
1689,763239,763239,,,0,48316,29,
1682,763240,763240,,,1,48316,30,
5,765379,765379,,,0,47734,83,
2562,765380,765380,,,1,47734,95,
9,765381,765381,,,1,48293,34,
2155,765382,765382,,,0,48293,1,
2499,762773,762773,,,0,48301,26,
2501,762774,762774,,,1,48301,32,
2499,762775,762775,,,0,48291,26,
2501,762776,762776,,,1,48291,32,
336,762777,762777,,,0,48106,10,
2152,762778,762778,,,1,47705,2,
2499,762779,762779,,,0,47705,26,
2501,762780,762780,,,1,47705,32,
2499,762781,762781,,,0,47705,26,
2501,762782,762782,,,1,47705,32,
2945,762784,762784,,,1,47711,159,
2944,762785,762785,,,0,47711,107,
2772,762786,762786,,,1,48293,102,
2771,762787,762787,,,0,48293,103,
2772,762788,762788,,,1,48301,102,
2944,762789,762789,,,0,48301,107,
2945,762790,762790,,,1,48301,159,
2944,762791,762791,,,0,48301,107,
2562,764097,764097,,,1,48347,95,
2559,764098,764098,,,0,48347,96,
1,764099,764099,,,1,48347,18,
11,764100,764100,,,0,48347,21,
1,764101,764101,,,1,48347,18,
11,764102,764102,,,0,48347,21,
9,764103,764103,,,1,48347,34,
5,764104,764104,,,0,48347,83,
1,764105,764105,,,1,48347,18,
11,764106,764106,,,0,48347,21,
9,764107,764107,,,1,48347,34,
5,764108,764108,,,0,48347,83,
9,764109,764109,,,1,48347,34,
5,764110,764110,,,0,48347,83,
1,764111,764111,,,1,48347,18,
11,764112,764112,,,0,48347,21,
1744,763241,763241,,,0,48316,31,
1831,763242,763242,,,1,48316,28,
1689,763243,763243,,,0,48316,29,
1682,763244,763244,,,1,48316,30,
1744,763245,763245,,,0,48316,31,
1831,763246,763246,,,1,48316,28,
1689,763247,763247,,,0,48316,29,
1682,763248,763248,,,1,48316,30,
1744,763249,763249,,,0,48316,31,
1831,763250,763250,,,1,48316,28,
1689,763251,763251,,,0,48316,29,
1682,763252,763252,,,1,48316,30,
1744,763253,763253,,,0,48316,31,
1831,763254,763254,,,1,48316,28,
1689,763255,763255,,,0,48316,29,
1682,763256,763256,,,1,48316,30,
42,765398,765398,,,0,48398,35,
14,765399,765399,,,1,48398,44,
2503,762792,762792,,,1,48301,161,
2155,762793,762793,,,0,47753,1,
2152,762794,762794,,,1,47697,2,
2772,762795,762795,,,1,48120,102,
2771,762796,762796,,,0,48120,103,
2945,762798,762798,,,1,48305,159,
2944,762799,762799,,,0,48305,107,
2945,762800,762800,,,1,47741,159,
2771,762801,762801,,,0,47741,103,
2266,762802,762802,,,1,47757,39,
2290,762803,762803,,,0,47757,40,
2140,762804,762804,,,1,47757,41,
2140,762805,762805,,,1,47757,41,
2140,762806,762806,,,1,47757,41,
2140,762807,762807,,,1,47757,41,
2562,764113,764113,,,1,48347,95,
2559,764114,764114,,,0,48347,96,
951,764117,764117,,,1,48348,69,
12,764118,764118,,,0,48348,72,
9,764119,764119,,,1,48348,34,
5,764120,764120,,,0,48348,83,
1,764121,764121,,,1,48348,18,
11,764122,764122,,,0,48348,21,
9,764123,764123,,,1,48348,34,
5,764124,764124,,,0,48348,83,
1,764125,764125,,,1,48348,18,
11,764126,764126,,,0,48348,21,
1,764127,764127,,,1,48348,18,
11,764128,764128,,,0,48348,21,
1744,763257,763257,,,0,48316,31,
1831,763258,763258,,,1,48316,28,
1689,763259,763259,,,0,48316,29,
1682,763260,763260,,,1,48316,30,
1689,763261,763261,,,0,48316,29,
1682,763262,763262,,,1,48316,30,
1744,763263,763263,,,0,48316,31,
1831,763266,763266,,,1,48317,28,
1689,763267,763267,,,0,48317,29,
1682,763268,763268,,,1,48317,30,
1744,763269,763269,,,0,48317,31,
1831,763270,763270,,,1,48317,28,
1689,763271,763271,,,0,48317,29,
1682,763272,763272,,,1,48317,30,
2381,762809,762809,,,1,47739,5,
2497,762816,762816,,,0,47739,6,
2798,762818,762818,,,1,48107,66,
2799,762819,762819,,,0,48107,131,
2295,762821,762821,,,1,48295,78,
2519,762822,762822,,,0,48295,162,
2697,762824,762824,,,1,47758,42,
2698,762825,762825,,,1,47758,43,
2698,762826,762826,,,1,47758,43,
1,764129,764129,,,1,48348,18,
11,764130,764130,,,0,48348,21,
9,764131,764131,,,1,48348,34,
5,764132,764132,,,0,48348,83,
13,764133,764133,,,1,48348,73,
12,764134,764134,,,0,48348,72,
1,764135,764135,,,1,48348,18,
11,764136,764136,,,0,48348,21,
1,764137,764137,,,1,48348,18,
11,764138,764138,,,0,48348,21,
1,764139,764139,,,1,48348,18,
11,764140,764140,,,0,48348,21,
13,764141,764141,,,1,48348,73,
12,764142,764142,,,0,48348,72,
420,764143,764143,,,1,48348,84,
399,764144,764144,,,0,48348,85,
42,765400,765400,,,0,48399,35,
14,765401,765401,,,1,48398,44,
42,765402,765402,,,0,48398,35,
42,765403,765403,,,0,48399,35,
14,765404,765404,,,1,48398,44,
42,765405,765405,,,0,48398,35,
42,765406,765406,,,0,48398,35,
14,765407,765407,,,1,48398,44,
14,765408,765408,,,1,48399,44,
14,765409,765409,,,1,48399,44,
14,765410,765410,,,1,48399,44,
42,765411,765411,,,0,48399,35,
42,765412,765412,,,0,48399,35,
42,765413,765413,,,0,48398,35,
1744,763273,763273,,,0,48317,31,
1831,763274,763274,,,1,48317,28,
1689,763275,763275,,,0,48317,29,
1682,763276,763276,,,1,48317,30,
1744,763277,763277,,,0,48317,31,
1831,763278,763278,,,1,48317,28,
1689,763279,763279,,,0,48317,29,
1682,763280,763280,,,1,48317,30,
1744,763281,763281,,,0,48317,31,
1831,763282,763282,,,1,48317,28,
1689,763283,763283,,,0,48317,29,
1682,763284,763284,,,1,48317,30,
1744,763285,763285,,,0,48317,31,
1831,763286,763286,,,1,48317,28,
1744,763287,763287,,,0,48317,31,
2260,764146,764146,,,1,48349,99,
1,764147,764147,,,1,48349,18,
11,764148,764148,,,0,48349,21,
1,764149,764149,,,1,48349,18,
11,764150,764150,,,0,48349,21,
2562,764151,764151,,,1,48349,95,
2559,764152,764152,,,0,48349,96,
1,764153,764153,,,1,48349,18,
11,764154,764154,,,0,48349,21,
2562,764155,764155,,,1,48349,95,
2559,764156,764156,,,0,48349,96,
9,764157,764157,,,1,48349,34,
5,764158,764158,,,0,48349,83,
420,764159,764159,,,1,48349,84,
399,764160,764160,,,0,48349,85,
1831,763290,763290,,,1,48318,28,
1689,763291,763291,,,0,48318,29,
1682,763292,763292,,,1,48318,30,
1744,763293,763293,,,0,48318,31,
1831,763294,763294,,,1,48318,28,
1689,763295,763295,,,0,48318,29,
1682,763296,763296,,,1,48318,30,
1744,763297,763297,,,0,48318,31,
1831,763298,763298,,,1,48318,28,
1689,763299,763299,,,0,48318,29,
1682,763300,763300,,,1,48318,30,
1744,763301,763301,,,0,48318,31,
1831,763302,763302,,,1,48318,28,
1689,763303,763303,,,0,48318,29,
2562,764161,764161,,,1,48349,95,
2559,764162,764162,,,0,48349,96,
1,764163,764163,,,1,48349,18,
11,764164,764164,,,0,48349,21,
1,764165,764165,,,1,48349,18,
11,764166,764166,,,0,48349,21,
1,764167,764167,,,1,48349,18,
11,764168,764168,,,0,48349,21,
9,764169,764169,,,1,48349,34,
5,764170,764170,,,0,48349,83,
1,764171,764171,,,1,48349,18,
11,764172,764172,,,0,48349,21,
1,764173,764173,,,1,48349,18,
2703,764174,764174,,,0,48349,138,
1682,763304,763304,,,1,48318,30,
1744,763305,763305,,,0,48318,31,
1831,763306,763306,,,1,48318,28,
1689,763307,763307,,,0,48318,29,
1682,763308,763308,,,1,48318,30,
1744,763309,763309,,,0,48318,31,
1831,763310,763310,,,1,48318,28,
1744,763311,763311,,,0,48318,31,
1831,763312,763312,,,1,48318,28,
1744,763313,763313,,,0,48318,31,
1831,763316,763316,,,1,48319,28,
1895,763317,763317,,,0,48319,56,
1977,763318,763318,,,1,48319,57,
1895,763319,763319,,,0,48319,56,
845,764177,764177,,,1,48350,137,
413,764178,764178,,,0,48350,94,
1,764179,764179,,,1,48350,18,
11,764180,764180,,,0,48350,21,
1426,764181,764181,,,1,48350,163,
1425,764182,764182,,,0,48350,79,
2562,764183,764183,,,1,48350,95,
2559,764184,764184,,,0,48350,96,
1,764185,764185,,,1,48350,18,
11,764186,764186,,,0,48350,21,
2562,764187,764187,,,1,48350,95,
2559,764188,764188,,,0,48350,96,
1,764189,764189,,,1,48350,18,
11,764190,764190,,,0,48350,21,
2706,764192,764192,,,1,48350,109,
1977,763320,763320,,,1,48319,57,
1895,763321,763321,,,0,48319,56,
1977,763322,763322,,,1,48319,57,
1895,763323,763323,,,0,48319,56,
1977,763324,763324,,,1,48319,57,
1895,763325,763325,,,0,48319,56,
1977,763326,763326,,,1,48319,57,
1895,763327,763327,,,0,48319,56,
1977,763328,763328,,,1,48319,57,
1895,763329,763329,,,0,48319,56,
1977,763330,763330,,,1,48319,57,
1895,763331,763331,,,0,48319,56,
1977,763332,763332,,,1,48319,57,
1895,763333,763333,,,0,48319,56,
1977,763334,763334,,,1,48319,57,
1895,763335,763335,,,0,48319,56,
1977,763336,763336,,,1,48319,57,
1895,763337,763337,,,0,48319,56,
2701,764193,764193,,,0,48350,92,
2381,764194,764194,,,1,48350,5,
2497,764195,764195,,,0,48350,6,
1510,764196,764196,,,1,48350,151,
1511,764197,764197,,,0,48350,117,
9,764199,764199,,,1,48350,34,
5,764200,764200,,,0,48350,83,
2797,764202,764202,,,1,48350,152,
2569,764203,764203,,,0,48350,153,
2707,764205,764205,,,1,48350,89,
2705,764206,764206,,,0,48350,90,
1377,764209,764209,,,1,48351,55,
1977,763338,763338,,,1,48319,57,
1744,763339,763339,,,0,48319,31,
1831,763342,763342,,,1,48320,28,
1744,763343,763343,,,0,48320,31,
1831,763344,763344,,,1,48320,28,
1744,763345,763345,,,0,48320,31,
1831,763346,763346,,,1,48320,28,
1744,763347,763347,,,0,48320,31,
1831,763348,763348,,,1,48320,28,
1744,763349,763349,,,0,48320,31,
1831,763350,763350,,,1,48320,28,
1744,763351,763351,,,0,48320,31,
1831,763352,763352,,,1,48320,28,
1744,763353,763353,,,0,48320,31,
2263,764210,764210,,,0,48351,36,
16,764211,764211,,,0,48351,33,
34,764212,764212,,,1,48351,54,
44,764213,764213,,,0,48351,37,
6,764214,764214,,,1,48351,38,
2285,764215,764215,,,1,48351,51,
2263,764216,764216,,,0,48351,36,
16,764217,764217,,,0,48351,33,
39,764218,764218,,,1,48351,3,
54,764219,764219,,,0,48351,4,
6,764220,764220,,,1,48351,38,
2285,764221,764221,,,1,48351,51,
2263,764222,764222,,,0,48351,36,
16,764223,764223,,,0,48351,33,
39,764224,764224,,,1,48351,3,
54,764225,764225,,,0,48351,4,
6,764226,764226,,,1,48351,38,
2285,764227,764227,,,1,48351,51,
2263,764228,764228,,,0,48351,36,
16,764229,764229,,,0,48351,33,
6,764230,764230,,,1,48351,38,
2285,764231,764231,,,1,48351,51,
2263,764232,764232,,,0,48351,36,
16,764233,764233,,,0,48351,33,
2152,764234,764234,,,1,48351,2,
843,764237,764237,,,1,48352,53,
2263,764238,764238,,,0,48352,36,
16,764239,764239,,,0,48352,33,
2152,764240,764240,,,1,48352,2,
2155,764241,764241,,,0,48352,1,
1831,763354,763354,,,1,48320,28,
1744,763355,763355,,,0,48320,31,
1831,763356,763356,,,1,48320,28,
1744,763357,763357,,,0,48320,31,
1831,763358,763358,,,1,48320,28,
1744,763359,763359,,,0,48320,31,
1831,763360,763360,,,1,48320,28,
1744,763361,763361,,,0,48320,31,
1831,763362,763362,,,1,48320,28,
1744,763363,763363,,,0,48320,31,
1831,763364,763364,,,1,48320,28,
1744,763365,763365,,,0,48320,31,
6,764242,764242,,,1,48352,38,
16,764243,764243,,,0,48352,33,
34,764244,764244,,,1,48352,54,
44,764245,764245,,,0,48352,37,
6,764246,764246,,,1,48352,38,
2285,764247,764247,,,1,48352,51,
2263,764248,764248,,,0,48352,36,
16,764249,764249,,,0,48352,33,
34,764250,764250,,,1,48352,54,
44,764251,764251,,,0,48352,37,
6,764252,764252,,,1,48352,38,
2285,764253,764253,,,1,48352,51,
2263,764254,764254,,,0,48352,36,
16,764255,764255,,,0,48352,33,
34,764256,764256,,,1,48352,54,
44,764257,764257,,,0,48352,37,
6,764258,764258,,,1,48352,38,
2285,764259,764259,,,1,48352,51,
25,764260,764260,,,0,48352,17,
27,764261,764261,,,1,48352,16,
25,764262,764262,,,0,48352,17,
27,764263,764263,,,1,48352,16,
1431,764264,764264,,,0,48352,68,
2260,764266,764266,,,1,48353,99,
1,764267,764267,,,1,48353,18,
11,764268,764268,,,0,48353,21,
2562,764269,764269,,,1,48353,95,
2559,764270,764270,,,0,48353,96,
1,764271,764271,,,1,48353,18,
16,764272,764272,,,0,48353,33,
39,764273,764273,,,1,48353,3,
54,764274,764274,,,0,48353,4,
1831,763368,763368,,,1,48321,28,
1744,763369,763369,,,0,48321,31,
1831,763370,763370,,,1,48321,28,
1744,763371,763371,,,0,48321,31,
1831,763372,763372,,,1,48321,28,
1744,763373,763373,,,0,48321,31,
1831,763374,763374,,,1,48321,28,
1744,763375,763375,,,0,48321,31,
1831,763376,763376,,,1,48321,28,
1744,763377,763377,,,0,48321,31,
1831,763378,763378,,,1,48321,28,
1744,763379,763379,,,0,48321,31,
1831,763380,763380,,,1,48321,28,
1744,763381,763381,,,0,48321,31,
1831,763382,763382,,,1,48321,28,
1744,763383,763383,,,0,48321,31,
1831,763384,763384,,,1,48321,28,
6,764275,764275,,,1,48353,38,
2285,764276,764276,,,1,48353,51,
2263,764277,764277,,,0,48353,36,
16,764278,764278,,,0,48353,33,
34,764279,764279,,,1,48353,54,
44,764280,764280,,,0,48353,37,
6,764281,764281,,,1,48353,38,
2285,764282,764282,,,1,48353,51,
2263,764283,764283,,,0,48353,36,
16,764284,764284,,,0,48353,33,
34,764285,764285,,,1,48353,54,
44,764286,764286,,,0,48353,37,
6,764287,764287,,,1,48353,38,
2285,764288,764288,,,1,48353,51,
2263,764289,764289,,,0,48353,36,
16,764290,764290,,,0,48353,33,
6,764291,764291,,,1,48353,38,
2285,764292,764292,,,1,48353,51,
2263,764293,764293,,,0,48353,36,
2847,764294,764294,,,0,48353,129,
2152,764297,764297,,,1,48354,2,
2155,764298,764298,,,0,48354,1,
34,764299,764299,,,1,48354,54,
44,764300,764300,,,0,48354,37,
6,764301,764301,,,1,48354,38,
2285,764302,764302,,,1,48354,51,
2263,764303,764303,,,0,48354,36,
16,764304,764304,,,0,48354,33,
34,764305,764305,,,1,48354,54,
44,764306,764306,,,0,48354,37,
6,764307,764307,,,1,48354,38,
360,764308,764308,,,0,48354,19,
385,764309,764309,,,1,48354,20,
847,764312,764312,,,1,48355,125,
2285,764313,764313,,,1,48355,51,
2263,764314,764314,,,0,48355,36,
16,764315,764315,,,0,48355,33,
34,764316,764316,,,1,48355,54,
44,764317,764317,,,0,48355,37,
6,764318,764318,,,1,48355,38,
2285,764319,764319,,,1,48355,51,
2263,764320,764320,,,0,48355,36,
16,764321,764321,,,0,48355,33,
410,764322,764322,,,0,48355,60,
1744,763385,763385,,,0,48321,31,
1831,763386,763386,,,1,48321,28,
1744,763387,763387,,,0,48321,31,
1831,763388,763388,,,1,48321,28,
1744,763389,763389,,,0,48321,31,
1831,763390,763390,,,1,48321,28,
1744,763391,763391,,,0,48321,31,
14,763394,763394,,,1,48322,44,
42,763395,763395,,,0,48322,35,
1831,763396,763396,,,1,48322,28,
1744,763397,763397,,,0,48322,31,
1831,763398,763398,,,1,48322,28,
1744,763399,763399,,,0,48322,31,
1831,763400,763400,,,1,48322,28,
2260,764323,764323,,,1,48356,99,
9,764324,764324,,,1,48356,34,
5,764325,764325,,,0,48356,83,
1,764326,764326,,,1,48356,18,
11,764327,764327,,,0,48356,21,
9,764328,764328,,,1,48356,34,
5,764329,764329,,,0,48356,83,
9,764330,764330,,,1,48356,34,
5,764331,764331,,,0,48356,83,
1,764332,764332,,,1,48356,18,
11,764333,764333,,,0,48356,21,
9,764334,764334,,,1,48356,34,
5,764335,764335,,,0,48356,83,
1,764336,764336,,,1,48356,18,
11,764337,764337,,,0,48356,21,
420,764338,764338,,,1,48356,84,
1744,763401,763401,,,0,48322,31,
1831,763402,763402,,,1,48322,28,
1744,763403,763403,,,0,48322,31,
1831,763404,763404,,,1,48322,28,
1744,763405,763405,,,0,48322,31,
1831,763406,763406,,,1,48322,28,
1744,763407,763407,,,0,48322,31,
1831,763408,763408,,,1,48322,28,
1744,763409,763409,,,0,48322,31,
1831,763410,763410,,,1,48322,28,
1744,763411,763411,,,0,48322,31,
1831,763412,763412,,,1,48322,28,
1744,763413,763413,,,0,48322,31,
1831,763414,763414,,,1,48322,28,
1744,763415,763415,,,0,48322,31,
399,764339,764339,,,0,48356,85,
2562,764340,764340,,,1,48356,95,
2559,764341,764341,,,0,48356,96,
1,764342,764342,,,1,48356,18,
11,764343,764343,,,0,48356,21,
2562,764344,764344,,,1,48356,95,
2559,764345,764345,,,0,48356,96,
2562,764346,764346,,,1,48356,95,
2561,764347,764347,,,0,48356,118,
2699,764349,764349,,,1,48356,127,
2811,764351,764351,,,1,48357,63,
2805,764352,764352,,,0,48357,64,
420,764353,764353,,,1,48357,84,
399,764354,764354,,,0,48357,85,
2562,764355,764355,,,1,48357,95,
2559,764356,764356,,,0,48357,96,
1,764357,764357,,,1,48357,18,
11,764358,764358,,,0,48357,21,
1,764359,764359,,,1,48357,18,
11,764360,764360,,,0,48357,21,
9,764361,764361,,,1,48357,34,
5,764362,764362,,,0,48357,83,
1,764363,764363,,,1,48357,18,
11,764364,764364,,,0,48357,21,
2381,764366,764366,,,1,48357,5,
2497,764367,764367,,,0,48357,6,
9,764369,764369,,,1,48357,34,
5,764370,764370,,,0,48357,83,
2798,764371,764371,,,1,48357,66,
2794,764372,764372,,,0,48357,67,
1831,763416,763416,,,1,48322,28,
1744,763417,763417,,,0,48322,31,
1831,763418,763418,,,1,48322,28,
1744,763419,763419,,,0,48322,31,
1831,763422,763422,,,1,48323,28,
1744,763423,763423,,,0,48323,31,
14,763424,763424,,,1,48323,44,
1682,763425,763425,,,1,48323,30,
1689,763426,763426,,,0,48323,29,
42,763427,763427,,,0,48323,35,
14,763428,763428,,,1,48323,44,
1682,763429,763429,,,1,48323,30,
1689,763430,763430,,,0,48323,29,
42,763431,763431,,,0,48323,35,
2381,764374,764374,,,1,48357,5,
2705,764375,764375,,,0,48357,90,
2706,764376,764376,,,1,48357,109,
2701,764377,764377,,,0,48357,92,
2562,764379,764379,,,1,48357,95,
2559,764380,764380,,,0,48357,96,
9,764381,764381,,,1,48357,34,
5,764382,764382,,,0,48357,83,
426,764383,764383,,,1,48357,93,
2850,764384,764384,,,0,48357,126,
2807,764387,764387,,,1,48358,147,
2794,764388,764388,,,0,48358,67,
2796,764389,764389,,,1,48358,110,
2803,764390,764390,,,0,48358,114,
1510,764392,764392,,,1,48358,151,
1511,764393,764393,,,0,48358,117,
2798,764395,764395,,,1,48358,66,
2794,764396,764396,,,0,48358,67,
2295,764397,764397,,,1,48358,78,
2241,764398,764398,,,0,48358,47,
2798,764399,764399,,,1,48358,66,
2794,764400,764400,,,0,48358,67,
2562,764401,764401,,,1,48358,95,
2559,764402,764402,,,0,48358,96,
1,764403,764403,,,1,48358,18,
11,764404,764404,,,0,48358,21,
14,763432,763432,,,1,48323,44,
1682,763433,763433,,,1,48323,30,
1689,763434,763434,,,0,48323,29,
42,763435,763435,,,0,48323,35,
14,763436,763436,,,1,48323,44,
1682,763437,763437,,,1,48323,30,
1689,763438,763438,,,0,48323,29,
42,763439,763439,,,0,48323,35,
14,763440,763440,,,1,48323,44,
1682,763441,763441,,,1,48323,30,
1689,763442,763442,,,0,48323,29,
42,763443,763443,,,0,48323,35,
14,763444,763444,,,1,48323,44,
1682,763445,763445,,,1,48323,30,
1689,763446,763446,,,0,48323,29,
42,763447,763447,,,0,48323,35,
14,763448,763448,,,1,48323,44,
2562,764405,764405,,,1,48358,95,
2559,764406,764406,,,0,48358,96,
2232,764407,764407,,,0,48358,48,
2256,764408,764408,,,1,48358,148,
2234,764409,764409,,,0,48358,154,
2811,764411,764411,,,1,48359,63,
2810,764412,764412,,,0,48359,86,
2793,764413,764413,,,1,48359,87,
2805,764414,764414,,,0,48359,64,
2798,764415,764415,,,1,48359,66,
2794,764416,764416,,,0,48359,67,
2867,764418,764418,,,0,48359,25,
2868,764419,764419,,,1,48359,24,
2569,764420,764420,,,0,48359,153,
1682,763449,763449,,,1,48323,30,
1689,763450,763450,,,0,48323,29,
42,763451,763451,,,0,48323,35,
14,763454,763454,,,1,48324,44,
1682,763455,763455,,,1,48324,30,
1689,763456,763456,,,0,48324,29,
42,763457,763457,,,0,48324,35,
14,763458,763458,,,1,48324,44,
1682,763459,763459,,,1,48324,30,
1689,763460,763460,,,0,48324,29,
42,763461,763461,,,0,48324,35,
14,763462,763462,,,1,48324,44,
1682,763463,763463,,,1,48324,30,
1689,763464,763464,,,0,48324,29,
2800,764422,764422,,,1,48359,65,
2810,764423,764423,,,0,48359,86,
2793,764424,764424,,,1,48359,87,
2805,764425,764425,,,0,48359,64,
9,764426,764426,,,1,48359,34,
5,764427,764427,,,0,48359,83,
2562,764428,764428,,,1,48359,95,
2559,764429,764429,,,0,48359,96,
2562,764430,764430,,,1,48359,95,
2559,764431,764431,,,0,48359,96,
2232,764432,764432,,,0,48359,48,
81,764434,764434,,,1,48360,97,
2802,764435,764435,,,0,48360,101,
2812,764436,764436,,,1,48360,98,
148,764437,764437,,,0,48360,75,
81,764438,764438,,,1,48360,97,
2802,764439,764439,,,0,48360,101,
2812,764440,764440,,,1,48360,98,
148,764441,764441,,,0,48360,75,
81,764442,764442,,,1,48360,97,
2802,764443,764443,,,0,48360,101,
2812,764444,764444,,,1,48360,98,
148,764445,764445,,,0,48360,75,
2796,764446,764446,,,1,48360,110,
2803,764447,764447,,,0,48360,114,
2797,764449,764449,,,1,48360,152,
2867,764450,764450,,,0,48360,25,
2868,764451,764451,,,1,48360,24,
42,763465,763465,,,0,48324,35,
14,763466,763466,,,1,48324,44,
1682,763467,763467,,,1,48324,30,
1689,763468,763468,,,0,48324,29,
42,763469,763469,,,0,48324,35,
14,763470,763470,,,1,48324,44,
1682,763471,763471,,,1,48324,30,
1689,763472,763472,,,0,48324,29,
42,763473,763473,,,0,48324,35,
14,763474,763474,,,1,48324,44,
1682,763475,763475,,,1,48324,30,
1689,763476,763476,,,0,48324,29,
42,763477,763477,,,0,48324,35,
14,763478,763478,,,1,48324,44,
1682,763479,763479,,,1,48324,30,
1689,763480,763480,,,0,48324,29,
42,763481,763481,,,0,48324,35,
2569,764452,764452,,,0,48360,153,
81,764454,764454,,,1,48360,97,
2802,764455,764455,,,0,48360,101,
2812,764456,764456,,,1,48360,98,
148,764457,764457,,,0,48360,75,
2235,764460,764460,,,1,48361,157,
690,764461,764461,,,0,48361,141,
2381,764462,764462,,,1,48361,5,
2497,764463,764463,,,0,48361,6,
2381,764464,764464,,,1,48361,5,
2705,764465,764465,,,0,48361,90,
14,763482,763482,,,1,48324,44,
42,763483,763483,,,0,48324,35,
1831,763486,763486,,,1,48325,28,
1689,763487,763487,,,0,48325,29,
42,763488,763488,,,0,48325,35,
14,763489,763489,,,1,48325,44,
1682,763490,763490,,,1,48325,30,
1689,763491,763491,,,0,48325,29,
42,763492,763492,,,0,48325,35,
14,763493,763493,,,1,48325,44,
1682,763494,763494,,,1,48325,30,
1689,763495,763495,,,0,48325,29,
42,763496,763496,,,0,48325,35,
14,763497,763497,,,1,48325,44,
2707,764468,764468,,,1,48361,89,
2705,764469,764469,,,0,48361,90,
2707,764470,764470,,,1,48361,89,
2705,764471,764471,,,0,48361,90,
2798,764473,764473,,,1,48361,66,
2794,764474,764474,,,0,48361,67,
420,764475,764475,,,1,48361,84,
399,764476,764476,,,0,48361,85,
2562,764477,764477,,,1,48361,95,
2559,764478,764478,,,0,48361,96,
2562,764479,764479,,,1,48361,95,
2559,764480,764480,,,0,48361,96,
2716,764481,764481,,,1,48361,76,
2713,764482,764482,,,0,48361,77,
2562,764483,764483,,,1,48361,95,
2559,764484,764484,,,0,48361,96,
1682,763498,763498,,,1,48325,30,
1689,763499,763499,,,0,48325,29,
42,763500,763500,,,0,48325,35,
14,763501,763501,,,1,48325,44,
1682,763502,763502,,,1,48325,30,
1689,763503,763503,,,0,48325,29,
42,763504,763504,,,0,48325,35,
14,763505,763505,,,1,48325,44,
1682,763506,763506,,,1,48325,30,
1689,763507,763507,,,0,48325,29,
42,763508,763508,,,0,48325,35,
14,763509,763509,,,1,48325,44,
1682,763510,763510,,,1,48325,30,
1689,763511,763511,,,0,48325,29,
42,763512,763512,,,0,48325,35,
14,763513,763513,,,1,48325,44,
1682,763514,763514,,,1,48325,30,
1744,763515,763515,,,0,48325,31,
2798,764485,764485,,,1,48361,66,
2794,764486,764486,,,0,48361,67,
2798,764487,764487,,,1,48361,66,
2794,764488,764488,,,0,48361,67,
2813,764489,764489,,,1,48361,100,
2801,764490,764490,,,0,48361,130,
2295,764491,764491,,,1,48361,78,
2519,764492,764492,,,0,48361,162,
2560,764495,764495,,,1,48362,145,
2559,764496,764496,,,0,48362,96,
2295,764497,764497,,,1,48362,78,
2241,764498,764498,,,0,48362,47,
9,764499,764499,,,1,48362,34,
5,764500,764500,,,0,48362,83,
2562,764501,764501,,,1,48362,95,
2559,764502,764502,,,0,48362,96,
1,764503,764503,,,1,48362,18,
11,764504,764504,,,0,48362,21,
2381,764506,764506,,,1,48362,5,
2497,764507,764507,,,0,48362,6,
2256,764509,764509,,,1,48362,148,
2234,764510,764510,,,0,48362,154,
2797,764512,764512,,,1,48363,152,
2867,764513,764513,,,0,48363,25,
8,764514,764514,,,0,48363,14,
1529,764515,764515,,,1,48363,15,
2868,764516,764516,,,1,48363,24,
2569,764517,764517,,,0,48363,153,
1529,764519,764519,,,1,48363,15,
8,764520,764520,,,0,48363,14,
420,764522,764522,,,1,48363,84,
399,764523,764523,,,0,48363,85,
9,764524,764524,,,1,48363,34,
5,764525,764525,,,0,48363,83,
1,764526,764526,,,1,48363,18,
11,764527,764527,,,0,48363,21,
2707,764530,764530,,,1,48364,89,
2705,764531,764531,,,0,48364,90,
692,764532,764532,,,1,48364,7,
690,764533,764533,,,0,48364,141,
2797,764536,764536,,,1,48364,152,
2867,764537,764537,,,0,48364,25,
2868,764538,764538,,,1,48364,24,
2867,764539,764539,,,0,48364,25,
2868,764540,764540,,,1,48364,24,
2569,764541,764541,,,0,48364,153,
2707,764544,764544,,,1,48364,89,
2705,764545,764545,,,0,48364,90,
1,764547,764547,,,1,48364,18,
11,764548,764548,,,0,48364,21,
2499,764551,764551,,,0,48365,26,
2501,764552,764552,,,1,48365,32,
2499,764553,764553,,,0,48365,26,
2501,764554,764554,,,1,48365,32,
2499,764555,764555,,,0,48365,26,
2501,764556,764556,,,1,48365,32,
2499,764557,764557,,,0,48365,26,
2501,764558,764558,,,1,48365,32,
2499,764559,764559,,,0,48365,26,
2501,764560,764560,,,1,48365,32,
1529,764562,764562,,,1,48365,15,
8,764563,764563,,,0,48365,14,
1529,764564,764564,,,1,48365,15,
8,764565,764565,,,0,48365,14,
1529,764566,764566,,,1,48365,15,
8,764567,764567,,,0,48365,14,
27,764568,764568,,,1,48365,16,
25,764569,764569,,,0,48365,17,
2706,764572,764572,,,1,48366,109,
2701,764573,764573,,,0,48366,92,
2381,764574,764574,,,1,48366,5,
2709,764575,764575,,,0,48366,164,
2140,764577,764577,,,1,48366,41,
2140,764578,764578,,,1,48366,41,
2140,764579,764579,,,1,48366,41,
2798,764581,764581,,,1,48367,66,
2794,764582,764582,,,0,48367,67,
1,764583,764583,,,1,48367,18,
11,764584,764584,,,0,48367,21,
2562,764585,764585,,,1,48367,95,
2561,764586,764586,,,0,48367,118,
2699,764588,764588,,,1,48367,127,
2697,764589,764589,,,1,48367,42,
2698,764590,764590,,,1,48367,43,
2698,764591,764591,,,1,48367,43,
1529,764593,764593,,,1,48368,15,
844,764594,764594,,,0,48368,108,
2140,764596,764596,,,1,48368,41,
2140,764597,764597,,,1,48368,41,
2140,764602,764602,,,1,48368,41,
2140,764603,764603,,,1,48368,41,
1529,764605,764605,,,1,48369,15,
8,764606,764606,,,0,48369,14,
1529,764607,764607,,,1,48369,15,
844,764608,764608,,,0,48369,108,
2798,764610,764610,,,1,48369,66,
2799,764611,764611,,,0,48369,131,
2697,764613,764613,,,1,48369,42,
2698,764620,764620,,,1,48369,43,
2698,764621,764621,,,1,48369,43,
417,764622,764622,,,1,48370,52,
2152,764623,764623,,,1,48370,2,
2155,764624,764624,,,0,48370,1,
2152,764625,764625,,,1,48370,2,
2155,764626,764626,,,0,48370,1,
2152,764627,764627,,,1,48370,2,
2155,764628,764628,,,0,48370,1,
2152,764629,764629,,,1,48370,2,
2155,764630,764630,,,0,48370,1,
2152,764631,764631,,,1,48370,2,
2155,764632,764632,,,0,48370,1,
2152,764633,764633,,,1,48370,2,
2155,764634,764634,,,0,48370,1,
2152,764635,764635,,,1,48370,2,
2155,764636,764636,,,0,48370,1,
2152,764637,764637,,,1,48370,2,
2155,764638,764638,,,0,48370,1,
2152,764639,764639,,,1,48370,2,
2155,764640,764640,,,0,48370,1,
2152,764641,764641,,,1,48370,2,
2155,764642,764642,,,0,48370,1,
2152,764643,764643,,,1,48370,2,
2155,764644,764644,,,0,48370,1,
2152,764645,764645,,,1,48370,2,
2155,764646,764646,,,0,48370,1,
2152,764647,764647,,,1,48370,2,
2155,764648,764648,,,0,48370,1,
2152,764649,764649,,,1,48370,2,
2155,764650,764650,,,0,48370,1,
2152,764651,764651,,,1,48370,2,
2155,764652,764652,,,0,48370,1,
2152,764653,764653,,,1,48370,2,
2155,764654,764654,,,0,48370,1,
2152,764655,764655,,,1,48370,2,
2155,764656,764656,,,0,48370,1,
2152,764657,764657,,,1,48370,2,
2140,764659,764659,,,1,48370,41,
2155,764661,764661,,,0,48371,1,
2152,764662,764662,,,1,48371,2,
2155,764663,764663,,,0,48371,1,
2152,764664,764664,,,1,48371,2,
2155,764665,764665,,,0,48371,1,
2152,764666,764666,,,1,48371,2,
2155,764667,764667,,,0,48371,1,
2152,764668,764668,,,1,48371,2,
2155,764669,764669,,,0,48371,1,
2152,764670,764670,,,1,48371,2,
2155,764671,764671,,,0,48371,1,
2152,764672,764672,,,1,48371,2,
2155,764673,764673,,,0,48371,1,
2152,764674,764674,,,1,48371,2,
2155,764675,764675,,,0,48371,1,
2152,764676,764676,,,1,48371,2,
2155,764677,764677,,,0,48371,1,
2152,764678,764678,,,1,48371,2,
2155,764679,764679,,,0,48371,1,
2152,764680,764680,,,1,48371,2,
2155,764681,764681,,,0,48371,1,
2152,764682,764682,,,1,48371,2,
2155,764683,764683,,,0,48371,1,
2152,764684,764684,,,1,48371,2,
2155,764685,764685,,,0,48371,1,
2152,764686,764686,,,1,48371,2,
2155,764687,764687,,,0,48371,1,
2152,764688,764688,,,1,48371,2,
2155,764689,764689,,,0,48371,1,
2152,764690,764690,,,1,48371,2,
2155,764691,764691,,,0,48371,1,
2152,764692,764692,,,1,48371,2,
2155,764693,764693,,,0,48371,1,
2152,764694,764694,,,1,48371,2,
2155,764695,764695,,,0,48371,1,
39,764696,764696,,,1,48371,3,
2563,764697,764697,,,0,48371,119,
2564,764698,764698,,,1,48371,120,
11,764700,764700,,,0,48372,21,
9,764701,764701,,,1,48372,34,
5,764702,764702,,,0,48372,83,
1,764703,764703,,,1,48372,18,
11,764704,764704,,,0,48372,21,
420,764705,764705,,,1,48372,84,
399,764706,764706,,,0,48372,85,
420,764707,764707,,,1,48372,84,
399,764708,764708,,,0,48372,85,
1164,764710,764710,,,1,48372,158,
1165,764711,764711,,,0,48372,150,
692,764712,764712,,,1,48372,7,
690,764713,764713,,,0,48372,141,
1164,764714,764714,,,1,48372,158,
1165,764715,764715,,,0,48372,150,
2706,764716,764716,,,1,48372,109,
2701,764717,764717,,,0,48372,92,
2381,764718,764718,,,1,48372,5,
2497,764719,764719,,,0,48372,6,
1529,764721,764721,,,1,48372,15,
8,764722,764722,,,0,48372,14,
1529,764723,764723,,,1,48372,15,
8,764724,764724,,,0,48372,14,
1529,764725,764725,,,1,48372,15,
8,764726,764726,,,0,48372,14,
1529,764727,764727,,,1,48372,15,
343,764728,764728,,,0,48372,45,
258,764729,764729,,,1,48372,13,
844,764730,764730,,,0,48372,108,
1372,764733,764733,,,1,48373,46,
8,764734,764734,,,0,48373,14,
1529,764735,764735,,,1,48373,15,
8,764736,764736,,,0,48373,14,
27,764737,764737,,,1,48373,16,
25,764738,764738,,,0,48373,17,
1529,764739,764739,,,1,48373,15,
8,764740,764740,,,0,48373,14,
1529,764741,764741,,,1,48373,15,
8,764742,764742,,,0,48373,14,
27,764743,764743,,,1,48373,16,
25,764744,764744,,,0,48373,17,
1529,764745,764745,,,1,48373,15,
343,764746,764746,,,0,48373,45,
258,764747,764747,,,1,48373,13,
8,764748,764748,,,0,48373,14,
2797,764750,764750,,,1,48373,152,
2867,764751,764751,,,0,48373,25,
2868,764752,764752,,,1,48373,24,
2569,764753,764753,,,0,48373,153,
27,764755,764755,,,1,48373,16,
25,764756,764756,,,0,48373,17,
27,764757,764757,,,1,48373,16,
25,764758,764758,,,0,48373,17,
27,764759,764759,,,1,48373,16,
25,764760,764760,,,0,48373,17,
1529,764761,764761,,,1,48373,15,
8,764762,764762,,,0,48373,14,
27,764763,764763,,,1,48373,16,
1431,764764,764764,,,0,48373,68,
